93,AFGHANISTAN Proper,0.243
9370,AFGHANISTAN ,0.219
9379,AFGHANISTAN ,0.219
355,ALBANIA Proper,0.113
3554,ALBANIA Tirana,0.057
35568,ALBANIA Mobile,0.159
35569,ALBANIA Mobile,0.159
213,ALGERIA Proper,0.103
2136,ALGERIA Mobile,0.113
2137,ALGERIA ,0.134
21321,ALGERIA ,0.084
21341,ALGERIA ,0.086
21350,ALGERIA ,0.116
684,American Samoa ,0.098
1684,American Samoa ,0.098
376,ANDORRA Proper,0.051
3763,ANDORRA Mobile,0.217
244,ANGOLA Proper,0.155
24491,ANGOLA ,0.173
24492,ANGOLA ,0.174
1264,ANGUILLA Proper,0.163
672,ANTARCTICA Australian Territories -incl. Norfolk Island,0.531
6723,ANTARCTICA Norfolk Island,0.531
67234,ANTARCTICA Antarctica & Islands - Norfolk Island - Mobile,0.531
67236,ANTARCTICA Antarctica & Islands - Norfolk Island - Mobile,0.531
1268,ANTIGUA AND BARBUDA Proper,0.131
54,ARGENTINA Proper,0.033
549,ARGENTINA ,0.158
5411,ARGENTINA Buenos Aires,0.016
54221,ARGENTINA ,0.016
54223,ARGENTINA ,0.016
54230,ARGENTINA ,0.018
54232,ARGENTINA ,0.018
54237,ARGENTINA ,0.016
54261,ARGENTINA ,0.016
54291,ARGENTINA ,0.018
54299,ARGENTINA ,0.018
54341,ARGENTINA ,0.016
54342,ARGENTINA ,0.018
54348,ARGENTINA ,0.018
54351,ARGENTINA ,0.016
54353,ARGENTINA ,0.018
54354,ARGENTINA ,0.016
54358,ARGENTINA ,0.018
54381,ARGENTINA ,0.018
54387,ARGENTINA ,0.018
542293,ARGENTINA ,0.016
542362,ARGENTINA ,0.022
542652,ARGENTINA ,0.022
543722,ARGENTINA ,0.018
543752,ARGENTINA ,0.018
374,ARMENIA Proper,0.095
3741,ARMENIA Yerevan,0.045
3749,ARMENIA Mobile,0.163
37472,ARMENIA ,0.163
37473,ARMENIA ,0.163
297,ARUBA Proper,0.114
29756,ARUBA ,0.183
29759,ARUBA ,0.183
29773,ARUBA ,0.183
29774,ARUBA ,0.183
29796,ARUBA Audiotext,0.183
29799,ARUBA ,0.183
247,Ascension Island ,0.717
61,AUSTRALIA Proper,0.022
614,AUSTRALIA Mobile,0.128
6114,AUSTRALIA Mobile,0.128
6115,AUSTRALIA Mobile,0.108
6117,AUSTRALIA Mobile,0.108
6118,AUSTRALIA Mobile,0.108
6119,AUSTRALIA Mobile,0.108
6128,AUSTRALIA Sydney,0.022
6129,AUSTRALIA Sydney,0.022
6138,AUSTRALIA Melbourne,0.016
6139,AUSTRALIA Melbourne,0.016
61400,AUSTRALIA ,0.128
61405,AUSTRALIA ,0.128
61406,AUSTRALIA ,0.128
61410,AUSTRALIA ,0.128
61414,AUSTRALIA ,0.128
61415,AUSTRALIA ,0.128
61416,AUSTRALIA ,0.128
61424,AUSTRALIA ,0.128
6189162,AUSTRALIA Cocos Island,0.022
6189164,AUSTRALIA Christmas Island,0.022
43,AUSTRIA Proper,0.026
431,AUSTRIA Vienna,0.022
43650,AUSTRIA Mobile,0.213
43660,AUSTRIA Mobile,0.188
43664,AUSTRIA Mobile,0.161
43676,AUSTRIA Mobile,0.203
43678,AUSTRIA Mobile,0.188
43680,AUSTRIA ,0.188
43688,AUSTRIA Mobile,0.188
43699,AUSTRIA Mobile,0.203
994,AZERBAIJAN Proper,0.13
99450,AZERBAIJAN Mobile,0.148
99455,AZERBAIJAN Mobile,0.148
1242,BAHAMAS Acklins and Crooked Islands Proper,0.058
973,BAHRAIN Proper,0.108
97336,BAHRAIN MTC Mobile,0.116
97339,BAHRAIN Batelco Mobile,0.123
880,BANGLADESH Proper,0.075
8801,BANGLADESH Mobile,0.048
8802,BANGLADESH Dhaka,0.039
88031,BANGLADESH Chittagong,0.037
880821,BANGLADESH Sylhet,0.039
1246,BARBADOS Proper,0.156
375,BELARUS Proper,0.206
37529,BELARUS Mobile,0.216
375172,BELARUS Minsk,0.162
375175,BELARUS Minsk,0.162
32,BELGIUM Proper,0.022
3247,BELGIUM Mobile,0.2
3248,BELGIUM Mobile,0.262
3249,BELGIUM Mobile,0.218
501,BELIZE Proper,0.181
229,BENIN Proper,0.087
1441,BERMUDA Proper,0.075
975,BHUTAN Proper,0.147
591,BOLIVIA Proper,0.102
5917,BOLIVIA Mobile,0.103
59122,BOLIVIA La Paz,0.052
59133,BOLIVIA Santa Cruz,0.052
59144,BOLIVIA Cochabamba,0.052
387,BOSNIA AND HERZEGOWINA Proper,0.15
38761,BOSNIA AND HERZEGOWINA Mobile,0.251
38763,BOSNIA AND HERZEGOWINA Mobile,0.251
38765,BOSNIA AND HERZEGOWINA Mobile,0.251
267,BOTSWANA Proper,0.113
26771,BOTSWANA ,0.159
26772,BOTSWANA ,0.159
55,BRAZIL Proper,0.064
5511,BRAZIL Sao Paulo,0.018
5521,BRAZIL Rio de Janeiro,0.022
5531,BRAZIL ,0.035
5533,BRAZIL ,0.043
5541,BRAZIL ,0.033
5543,BRAZIL ,0.044
5544,BRAZIL ,0.042
5551,BRAZIL ,0.036
5562,BRAZIL ,0.041
5581,BRAZIL ,0.042
55119,BRAZIL Sao Paulo -mobile,0.096
55120,BRAZIL ,0.044
55121,BRAZIL ,0.044
55122,BRAZIL ,0.044
55123,BRAZIL ,0.044
55124,BRAZIL ,0.044
55125,BRAZIL ,0.044
55126,BRAZIL ,0.044
55128,BRAZIL ,0.096
55129,BRAZIL Sao Paulo -mobile,0.096
55130,BRAZIL ,0.044
55131,BRAZIL ,0.044
55132,BRAZIL ,0.044
55133,BRAZIL ,0.044
55134,BRAZIL ,0.044
55135,BRAZIL ,0.044
55136,BRAZIL ,0.044
55138,BRAZIL ,0.096
55139,BRAZIL Sao Paulo -mobile,0.096
55148,BRAZIL ,0.096
55149,BRAZIL Sao Paulo -mobile,0.096
55150,BRAZIL ,0.043
55151,BRAZIL ,0.043
55152,BRAZIL ,0.043
55153,BRAZIL ,0.043
55154,BRAZIL ,0.043
55155,BRAZIL ,0.043
55156,BRAZIL ,0.043
55158,BRAZIL ,0.096
55159,BRAZIL Sao Paulo -mobile,0.096
55160,BRAZIL ,0.043
55161,BRAZIL ,0.043
55162,BRAZIL ,0.043
55163,BRAZIL ,0.043
55164,BRAZIL ,0.043
55165,BRAZIL ,0.043
55166,BRAZIL ,0.043
55168,BRAZIL ,0.096
55169,BRAZIL Sao Paulo -mobile,0.096
55178,BRAZIL ,0.096
55179,BRAZIL Sao Paulo -mobile,0.096
55188,BRAZIL ,0.096
55189,BRAZIL Sao Paulo -mobile,0.096
55190,BRAZIL ,0.034
55191,BRAZIL ,0.034
55192,BRAZIL ,0.034
55193,BRAZIL ,0.034
55194,BRAZIL ,0.034
55195,BRAZIL ,0.034
55196,BRAZIL ,0.034
55198,BRAZIL ,0.096
55199,BRAZIL Sao Paulo -mobile,0.096
55219,BRAZIL Mobile,0.096
55228,BRAZIL ,0.096
55229,BRAZIL Mobile,0.096
55248,BRAZIL ,0.096
55249,BRAZIL Mobile,0.096
55270,BRAZIL ,0.044
55271,BRAZIL ,0.044
55272,BRAZIL ,0.044
55273,BRAZIL ,0.044
55274,BRAZIL ,0.044
55275,BRAZIL ,0.044
55276,BRAZIL ,0.044
55278,BRAZIL ,0.096
55279,BRAZIL Mobile,0.096
55288,BRAZIL ,0.096
55289,BRAZIL Mobile,0.096
55319,BRAZIL Mobile,0.096
55328,BRAZIL ,0.096
55329,BRAZIL Mobile,0.096
55338,BRAZIL ,0.096
55339,BRAZIL Mobile,0.096
55348,BRAZIL ,0.096
55349,BRAZIL Mobile,0.096
55350,BRAZIL ,0.043
55351,BRAZIL ,0.043
55352,BRAZIL ,0.043
55353,BRAZIL ,0.043
55354,BRAZIL ,0.043
55355,BRAZIL ,0.043
55356,BRAZIL ,0.043
55358,BRAZIL ,0.096
55359,BRAZIL Mobile,0.096
55378,BRAZIL ,0.096
55379,BRAZIL Mobile,0.096
55388,BRAZIL ,0.096
55389,BRAZIL Mobile,0.096
55418,BRAZIL ,0.096
55419,BRAZIL Mobile,0.096
55428,BRAZIL ,0.096
55429,BRAZIL Mobile,0.096
55438,BRAZIL ,0.096
55439,BRAZIL Mobile,0.096
55448,BRAZIL ,0.096
55449,BRAZIL Mobile,0.096
55458,BRAZIL ,0.096
55459,BRAZIL Mobile,0.096
55468,BRAZIL ,0.096
55469,BRAZIL Mobile,0.096
55470,BRAZIL ,0.044
55471,BRAZIL ,0.044
55472,BRAZIL ,0.044
55473,BRAZIL ,0.044
55474,BRAZIL ,0.044
55475,BRAZIL ,0.044
55476,BRAZIL ,0.044
55478,BRAZIL ,0.096
55479,BRAZIL Mobile,0.096
55480,BRAZIL ,0.036
55481,BRAZIL ,0.036
55482,BRAZIL ,0.036
55483,BRAZIL ,0.036
55484,BRAZIL ,0.036
55485,BRAZIL ,0.036
55486,BRAZIL ,0.036
55488,BRAZIL ,0.096
55489,BRAZIL Mobile,0.096
55498,BRAZIL ,0.096
55499,BRAZIL Mobile,0.096
55518,BRAZIL ,0.096
55519,BRAZIL Mobile,0.096
55538,BRAZIL ,0.096
55539,BRAZIL Mobile,0.096
55548,BRAZIL ,0.096
55549,BRAZIL Mobile,0.096
55558,BRAZIL ,0.096
55559,BRAZIL Mobile,0.096
55610,BRAZIL ,0.034
55611,BRAZIL ,0.034
55612,BRAZIL ,0.034
55613,BRAZIL ,0.034
55614,BRAZIL ,0.034
55615,BRAZIL ,0.034
55616,BRAZIL ,0.034
55618,BRAZIL ,0.096
55619,BRAZIL Mobile,0.096
55628,BRAZIL ,0.096
55629,BRAZIL Mobile,0.096
55638,BRAZIL ,0.096
55639,BRAZIL Mobile,0.096
55648,BRAZIL ,0.096
55649,BRAZIL Mobile,0.096
55650,BRAZIL ,0.044
55651,BRAZIL ,0.044
55652,BRAZIL ,0.044
55653,BRAZIL ,0.044
55654,BRAZIL ,0.044
55655,BRAZIL ,0.044
55656,BRAZIL ,0.044
55658,BRAZIL ,0.096
55659,BRAZIL Mobile,0.096
55668,BRAZIL ,0.096
55669,BRAZIL Mobile,0.096
55670,BRAZIL ,0.044
55671,BRAZIL ,0.044
55672,BRAZIL ,0.044
55673,BRAZIL ,0.044
55674,BRAZIL ,0.044
55675,BRAZIL ,0.044
55676,BRAZIL ,0.044
55678,BRAZIL ,0.096
55679,BRAZIL Mobile,0.096
55688,BRAZIL ,0.096
55689,BRAZIL Mobile,0.096
55698,BRAZIL ,0.096
55699,BRAZIL Mobile,0.096
55710,BRAZIL ,0.03
55711,BRAZIL ,0.03
55712,BRAZIL ,0.03
55713,BRAZIL ,0.03
55714,BRAZIL ,0.03
55715,BRAZIL ,0.03
55716,BRAZIL ,0.03
55718,BRAZIL ,0.096
55719,BRAZIL Mobile,0.096
55738,BRAZIL ,0.096
55739,BRAZIL Mobile,0.096
55748,BRAZIL ,0.096
55749,BRAZIL Mobile,0.096
55758,BRAZIL ,0.096
55759,BRAZIL Mobile,0.096
55778,BRAZIL ,0.096
55779,BRAZIL Mobile,0.096
55798,BRAZIL ,0.096
55799,BRAZIL Mobile,0.096
55818,BRAZIL ,0.096
55819,BRAZIL Mobile,0.096
55820,BRAZIL ,0.044
55821,BRAZIL ,0.044
55822,BRAZIL ,0.044
55823,BRAZIL ,0.044
55824,BRAZIL ,0.044
55825,BRAZIL ,0.044
55826,BRAZIL ,0.044
55828,BRAZIL ,0.096
55829,BRAZIL Mobile,0.096
55830,BRAZIL ,0.044
55831,BRAZIL ,0.044
55832,BRAZIL ,0.044
55833,BRAZIL ,0.044
55834,BRAZIL ,0.044
55835,BRAZIL ,0.044
55836,BRAZIL ,0.044
55838,BRAZIL ,0.096
55839,BRAZIL Mobile,0.096
55840,BRAZIL ,0.044
55841,BRAZIL ,0.044
55842,BRAZIL ,0.044
55843,BRAZIL ,0.044
55844,BRAZIL ,0.044
55845,BRAZIL ,0.044
55846,BRAZIL ,0.044
55848,BRAZIL ,0.096
55849,BRAZIL Mobile,0.096
55850,BRAZIL ,0.034
55851,BRAZIL ,0.034
55852,BRAZIL ,0.034
55853,BRAZIL ,0.034
55854,BRAZIL ,0.034
55855,BRAZIL ,0.034
55856,BRAZIL ,0.034
55858,BRAZIL ,0.096
55859,BRAZIL Mobile,0.096
55868,BRAZIL ,0.096
55869,BRAZIL Mobile,0.096
55878,BRAZIL ,0.096
55879,BRAZIL Mobile,0.096
55888,BRAZIL ,0.096
55889,BRAZIL Mobile,0.096
55898,BRAZIL ,0.096
55899,BRAZIL Mobile,0.096
55910,BRAZIL ,0.035
55911,BRAZIL ,0.035
55912,BRAZIL ,0.035
55913,BRAZIL ,0.035
55914,BRAZIL ,0.035
55915,BRAZIL ,0.035
55916,BRAZIL ,0.035
55918,BRAZIL ,0.096
55919,BRAZIL Mobile,0.096
55920,BRAZIL ,0.044
55921,BRAZIL ,0.044
55922,BRAZIL ,0.044
55923,BRAZIL ,0.044
55924,BRAZIL ,0.044
55925,BRAZIL ,0.044
55926,BRAZIL ,0.044
55928,BRAZIL ,0.096
55929,BRAZIL Mobile,0.096
55938,BRAZIL ,0.096
55939,BRAZIL Mobile,0.096
55948,BRAZIL ,0.096
55949,BRAZIL Mobile,0.096
55958,BRAZIL ,0.096
55959,BRAZIL Mobile,0.096
55968,BRAZIL ,0.096
55969,BRAZIL Mobile,0.096
55978,BRAZIL ,0.096
55979,BRAZIL Mobile,0.096
55988,BRAZIL ,0.096
55989,BRAZIL Mobile,0.096
55998,BRAZIL ,0.096
55999,BRAZIL Mobile,0.096
551171,BRAZIL ,0.096
551172,BRAZIL ,0.096
551173,BRAZIL ,0.096
551174,BRAZIL ,0.096
551177,BRAZIL ,0.096
551178,BRAZIL ,0.096
551181,BRAZIL ,0.091
551182,BRAZIL ,0.091
551183,BRAZIL ,0.091
551184,BRAZIL ,0.091
552178,BRAZIL ,0.096
552181,BRAZIL ,0.096
552182,BRAZIL ,0.096
552186,BRAZIL ,0.096
552187,BRAZIL ,0.096
552188,BRAZIL ,0.096
552189,BRAZIL ,0.096
552278,BRAZIL ,0.087
553188,BRAZIL ,0.087
553388,BRAZIL ,0.096
556284,BRAZIL ,0.097
556288,BRAZIL ,0.097
558188,BRAZIL ,0.087
673,BRUNEI DARUSSALAM Proper,0.051
359,BULGARIA Proper,0.079
3592,BULGARIA Sofia,0.033
35932,BULGARIA Varna,0.038
35948,BULGARIA Mobile,0.173
35952,BULGARIA Plovdiv,0.038
35988,BULGARIA Mobile,0.223
35989,BULGARIA Mobile,0.22
226,BURKINA FASO Proper,0.146
257,BURUNDI Proper,0.084
2579,BURUNDI Mobile,0.073
25729,BURUNDI Mobile,0.073
855,CAMBODIA Proper,0.158
85511,CAMBODIA Mobile,0.143
85512,CAMBODIA Mobile,0.143
85513,CAMBODIA ,0.143
85514,CAMBODIA ,0.143
85515,CAMBODIA ,0.143
85516,CAMBODIA Mobile,0.143
85517,CAMBODIA ,0.143
85518,CAMBODIA ,0.143
237,CAMEROON Proper,0.163
2377,CAMEROON Mobile,0.156
2379,CAMEROON Mobile,0.12
237223,CAMEROON ,0.108
237337,CAMEROON ,0.108
237339,CAMEROON ,0.108
237340,CAMEROON ,0.108
237342,CAMEROON ,0.108
237343,CAMEROON ,0.108
237347,CAMEROON ,0.108
1064,Canada ,0.016
1170,Canada ,0.016
1172,Canada ,0.033
1173,Canada ,0.016
1178,Canada ,0.016
1186,Canada ,0.016
1204,Canada ,0.016
1226,Canada ,0.016
1250,Canada ,0.016
1289,CANADA Ontario,0.016
1306,CANADA Saskatchewan,0.016
1343,Canada ,0.016
1382,Canada ,0.016
1387,Canada ,0.016
1403,CANADA Alberta,0.016
1416,CANADA Ontario,0.016
1418,CANADA Quebec,0.016
1437,Canada ,0.016
1438,Canada ,0.016
1450,CANADA Quebec,0.016
1460,Canada ,0.016
1474,Canada ,0.016
1506,CANADA New Brunswick,0.016
1514,CANADA Quebec,0.016
1519,CANADA Ontario,0.016
1579,Canada ,0.016
1600,CANADA Unknown,0.016
1604,CANADA British Columbia,0.016
1613,CANADA Ontario,0.016
1639,Canada ,0.016
1647,CANADA Ontario,0.016
1705,CANADA Ontario,0.016
1709,CANADA Newfoundland,0.016
1778,CANADA British Columbia,0.016
1780,CANADA Alberta,0.016
1807,CANADA Ontario,0.016
1819,CANADA Quebec,0.016
1825,Canada ,0.016
1867,CANADA Yukon,0.016
1871,Canada ,0.016
1873,Canada ,0.016
1879,Canada ,0.016
1902,CANADA Nova Scotia,0.016
1905,CANADA Ontario,0.016
1942,Canada ,0.016
238,CAPE VERDE Proper,0.253
1345,CAYMAN ISLANDS Proper,0.138
236,CENTRAL AFRICAN REPUBLIC Proper,0.13
235,CHAD Proper,0.184
56,CHILE Proper,0.035
562,CHILE Santiago,0.026
568,CHILE ,0.165
569,CHILE Mobile,0.165
56321,CHILE ,0.022
86,CHINA Proper,0.016
8610,CHINA Beijing,0.018
8613,CHINA Mobile,0.018
8621,CHINA Shanghai,0.018
1670,CNMI - Northern Mariana Island ,0.048
57,COLOMBIA Proper,0.084
573,COLOMBIA Mobile,0.093
5712,COLOMBIA Bogota,0.035
5713,COLOMBIA Bogota,0.035
5714,COLOMBIA Bogota,0.035
5715,COLOMBIA Bogota,0.035
5716,COLOMBIA Bogota,0.035
5717,COLOMBIA Bogota,0.035
5723,COLOMBIA Cali,0.035
5724,COLOMBIA Cali,0.035
5725,COLOMBIA Cali,0.035
5726,COLOMBIA Cali,0.035
5742,COLOMBIA Medellin,0.042
5743,COLOMBIA Medellin,0.042
5744,COLOMBIA Medellin,0.042
5745,COLOMBIA Medellin,0.042
5768,COLOMBIA ,0.058
5776,COLOMBIA ,0.046
57227,COLOMBIA ,0.057
57228,COLOMBIA ,0.057
57282,COLOMBIA ,0.058
57283,COLOMBIA ,0.058
57288,COLOMBIA Cali,0.035
57289,COLOMBIA Cali,0.035
57300,COLOMBIA ,0.068
57532,COLOMBIA ,0.035
57533,COLOMBIA ,0.035
57534,COLOMBIA ,0.035
57535,COLOMBIA ,0.035
57536,COLOMBIA ,0.035
57537,COLOMBIA ,0.035
57565,COLOMBIA ,0.046
57566,COLOMBIA ,0.046
57567,COLOMBIA ,0.046
57631,COLOMBIA ,0.047
57632,COLOMBIA Pereira,0.047
57633,COLOMBIA Pereira,0.047
57634,COLOMBIA Pereira,0.044
57635,COLOMBIA Pereira,0.044
57673,COLOMBIA ,0.053
57674,COLOMBIA ,0.053
57756,COLOMBIA ,0.06
57757,COLOMBIA ,0.06
57758,COLOMBIA ,0.06
575681,COLOMBIA ,0.046
269,COMOROS Shared with Mayotte Island,0.313
2696,COMOROS ,0.173
242,CONGO Proper,0.126
243,CONGO THE DEMOCRATIC REPUBLIC OF THE,0.273
2424,CONGO ,0.112
2425,CONGO ,0.111
2426,CONGO ,0.112
2427,CONGO ,0.112
24312,CONGO THE DEMOCRATIC REPUBLIC OF THE,0.268
24378,CONGO THE DEMOCRATIC REPUBLIC OF THE,0.225
24381,CONGO THE DEMOCRATIC REPUBLIC OF THE,0.232
24384,CONGO THE DEMOCRATIC REPUBLIC OF THE,0.225
24385,CONGO THE DEMOCRATIC REPUBLIC OF THE,0.251
24388,CONGO THE DEMOCRATIC REPUBLIC OF THE,0.225
24389,CONGO THE DEMOCRATIC REPUBLIC OF THE,0.238
24397,CONGO THE DEMOCRATIC REPUBLIC OF THE,0.234
24398,CONGO THE DEMOCRATIC REPUBLIC OF THE,0.234
24399,CONGO THE DEMOCRATIC REPUBLIC OF THE,0.234
682,COOK ISLANDS Proper,0.563
506,COSTA RICA Proper,0.068
5062,COSTA RICA ,0.063
5063,COSTA RICA Mobile,0.06
5068,COSTA RICA ,0.06
506283,COSTA RICA Mobile,0.06
506284,COSTA RICA Mobile,0.06
506712,COSTA RICA ,0.06
225,COTE DIVOIRE Proper,0.15
2252,COTE DIVOIRE ,0.126
22503,COTE DIVOIRE ,0.146
22505,COTE DIVOIRE ,0.146
22507,COTE DIVOIRE ,0.146
385,CROATIA (local name: Hrvatska) Proper,0.055
38591,CROATIA (local name: Hrvatska) Mobile,0.179
38598,CROATIA (local name: Hrvatska) Mobile,0.179
38599,CROATIA (local name: Hrvatska) Mobile,0.179
53,CUBA Proper,0.673
537,CUBA ,0.613
538,CUBA ,0.613
5399,CUBA Guantanamo Bay,0.554
53213,CUBA ,0.613
53226,CUBA ,0.613
53234,CUBA ,0.613
53244,CUBA ,0.613
53246,CUBA ,0.613
53314,CUBA ,0.613
53322,CUBA ,0.613
53333,CUBA ,0.613
53412,CUBA ,0.613
53419,CUBA ,0.613
53422,CUBA ,0.613
53423,CUBA ,0.613
53522,CUBA ,0.613
53561,CUBA ,0.613
53567,CUBA ,0.613
53613,CUBA ,0.613
53728,CUBA ,0.613
53750,CUBA ,0.613
53751,CUBA ,0.613
53756,CUBA ,0.613
537263,CUBA ,0.613
537264,CUBA ,0.613
537268,CUBA ,0.613
537270,CUBA ,0.613
537880,CUBA ,0.613
537885,CUBA ,0.613
537886,CUBA ,0.613
537890,CUBA ,0.613
537891,CUBA ,0.613
537892,CUBA ,0.613
357,CYPRUS Proper,0.039
3579,CYPRUS Mobile,0.054
420,CZECH REPUBLIC Proper,0.035
4202,CZECH REPUBLIC Prague,0.022
42072,CZECH REPUBLIC Mobile,0.169
42073,CZECH REPUBLIC Mobile,0.169
42077,CZECH REPUBLIC Mobile,0.169
42093,CZECH REPUBLIC Mobile,0.169
420601,CZECH REPUBLIC Mobile,0.169
420602,CZECH REPUBLIC Mobile,0.169
420603,CZECH REPUBLIC Mobile,0.169
420604,CZECH REPUBLIC Mobile,0.169
420605,CZECH REPUBLIC Mobile,0.169
420606,CZECH REPUBLIC Mobile,0.169
420607,CZECH REPUBLIC ,0.169
420608,CZECH REPUBLIC ,0.169
420961,CZECH REPUBLIC ,0.169
420962,CZECH REPUBLIC ,0.169
420963,CZECH REPUBLIC ,0.169
420964,CZECH REPUBLIC ,0.169
420965,CZECH REPUBLIC ,0.169
420966,CZECH REPUBLIC ,0.169
45,DENMARK Proper,0.018
452,DENMARK Mobile,0.186
4530,DENMARK Mobile,0.186
4531,DENMARK Mobile,0.186
4540,DENMARK Mobile,0.186
4541,DENMARK Mobile,0.186
4550,DENMARK Mobile,0.186
4551,DENMARK Mobile,0.186
4560,DENMARK Mobile,0.186
4561,DENMARK Mobile,0.186
45211,DENMARK ,0.186
246,Diego Garcia ,1.131
253,DJIBOUTI Proper,0.381
1767,DOMINICA Proper,0.15
1767225,DOMINICA ,0.166
1767235,DOMINICA ,0.166
1767245,DOMINICA ,0.166
1767265,DOMINICA ,0.166
1767275,DOMINICA ,0.166
1767276,DOMINICA ,0.166
1767277,DOMINICA ,0.166
1809,DOMINICAN REPUBLIC Proper,0.081
180942,DOMINICAN REPUBLIC ,0.111
180943,DOMINICAN REPUBLIC ,0.11
180956,DOMINICAN REPUBLIC ,0.056
180959,DOMINICAN REPUBLIC ,0.056
180999,DOMINICAN REPUBLIC ,0.111
1809200,DOMINICAN REPUBLIC ,0.053
1809208,DOMINICAN REPUBLIC ,0.076
1809209,DOMINICAN REPUBLIC ,0.076
1809213,DOMINICAN REPUBLIC ,0.056
1809215,DOMINICAN REPUBLIC ,0.111
1809216,DOMINICAN REPUBLIC ,0.111
1809217,DOMINICAN REPUBLIC ,0.111
1809218,DOMINICAN REPUBLIC ,0.111
1809219,DOMINICAN REPUBLIC ,0.111
1809221,DOMINICAN REPUBLIC ,0.056
1809225,DOMINICAN REPUBLIC ,0.076
1809227,DOMINICAN REPUBLIC Proper,0.056
1809228,DOMINICAN REPUBLIC ,0.111
1809229,DOMINICAN REPUBLIC ,0.111
1809230,DOMINICAN REPUBLIC ,0.111
1809231,DOMINICAN REPUBLIC ,0.056
1809232,DOMINICAN REPUBLIC ,0.111
1809234,DOMINICAN REPUBLIC ,0.056
1809235,DOMINICAN REPUBLIC ,0.111
1809236,DOMINICAN REPUBLIC ,0.056
1809237,DOMINICAN REPUBLIC ,0.056
1809238,DOMINICAN REPUBLIC ,0.056
1809239,DOMINICAN REPUBLIC ,0.056
1809245,DOMINICAN REPUBLIC ,0.056
1809255,DOMINICAN REPUBLIC ,0.056
1809259,DOMINICAN REPUBLIC ,0.111
1809260,DOMINICAN REPUBLIC ,0.076
1809262,DOMINICAN REPUBLIC ,0.056
1809263,DOMINICAN REPUBLIC ,0.056
1809273,DOMINICAN REPUBLIC ,0.056
1809274,DOMINICAN REPUBLIC ,0.056
1809284,DOMINICAN REPUBLIC ,0.111
1809285,DOMINICAN REPUBLIC ,0.053
1809286,DOMINICAN REPUBLIC ,0.056
1809287,DOMINICAN REPUBLIC ,0.056
1809289,DOMINICAN REPUBLIC ,0.056
1809297,DOMINICAN REPUBLIC ,0.111
1809298,DOMINICAN REPUBLIC ,0.111
1809312,DOMINICAN REPUBLIC ,0.056
1809314,DOMINICAN REPUBLIC ,0.056
1809315,DOMINICAN REPUBLIC ,0.111
1809316,DOMINICAN REPUBLIC ,0.111
1809317,DOMINICAN REPUBLIC ,0.111
1809318,DOMINICAN REPUBLIC ,0.111
1809319,DOMINICAN REPUBLIC ,0.111
1809328,DOMINICAN REPUBLIC ,0.056
1809331,DOMINICAN REPUBLIC ,0.056
1809332,DOMINICAN REPUBLIC ,0.056
1809333,DOMINICAN REPUBLIC ,0.056
1809334,DOMINICAN REPUBLIC ,0.056
1809335,DOMINICAN REPUBLIC ,0.056
1809338,DOMINICAN REPUBLIC ,0.056
1809361,DOMINICAN REPUBLIC ,0.111
1809362,DOMINICAN REPUBLIC ,0.056
1809363,DOMINICAN REPUBLIC ,0.056
1809364,DOMINICAN REPUBLIC ,0.056
1809368,DOMINICAN REPUBLIC ,0.056
1809372,DOMINICAN REPUBLIC ,0.056
1809373,DOMINICAN REPUBLIC ,0.056
1809375,DOMINICAN REPUBLIC ,0.056
1809378,DOMINICAN REPUBLIC ,0.056
1809379,DOMINICAN REPUBLIC ,0.056
1809381,DOMINICAN REPUBLIC ,0.056
1809384,DOMINICAN REPUBLIC ,0.056
1809385,DOMINICAN REPUBLIC ,0.056
1809388,DOMINICAN REPUBLIC ,0.056
1809389,DOMINICAN REPUBLIC ,0.111
1809397,DOMINICAN REPUBLIC ,0.11
1809398,DOMINICAN REPUBLIC ,0.11
1809401,DOMINICAN REPUBLIC ,0.111
1809402,DOMINICAN REPUBLIC ,0.111
1809403,DOMINICAN REPUBLIC ,0.111
1809404,DOMINICAN REPUBLIC ,0.111
1809405,DOMINICAN REPUBLIC ,0.111
1809407,DOMINICAN REPUBLIC ,0.111
1809408,DOMINICAN REPUBLIC ,0.111
1809409,DOMINICAN REPUBLIC ,0.111
1809410,DOMINICAN REPUBLIC ,0.111
1809412,DOMINICAN REPUBLIC ,0.056
1809413,DOMINICAN REPUBLIC ,0.11
1809414,DOMINICAN REPUBLIC ,0.056
1809420,DOMINICAN REPUBLIC ,0.11
1809421,DOMINICAN REPUBLIC ,0.11
1809422,DOMINICAN REPUBLIC ,0.056
1809423,DOMINICAN REPUBLIC ,0.11
1809424,DOMINICAN REPUBLIC ,0.11
1809425,DOMINICAN REPUBLIC ,0.11
1809426,DOMINICAN REPUBLIC ,0.11
1809427,DOMINICAN REPUBLIC ,0.11
1809428,DOMINICAN REPUBLIC ,0.11
1809429,DOMINICAN REPUBLIC ,0.11
1809430,DOMINICAN REPUBLIC ,0.111
1809431,DOMINICAN REPUBLIC ,0.111
1809432,DOMINICAN REPUBLIC ,0.111
1809433,DOMINICAN REPUBLIC ,0.111
1809434,DOMINICAN REPUBLIC ,0.111
1809436,DOMINICAN REPUBLIC ,0.111
1809437,DOMINICAN REPUBLIC ,0.111
1809438,DOMINICAN REPUBLIC ,0.111
1809439,DOMINICAN REPUBLIC ,0.111
1809472,DOMINICAN REPUBLIC ,0.056
1809473,DOMINICAN REPUBLIC ,0.056
1809474,DOMINICAN REPUBLIC Mobile,0.111
1809476,DOMINICAN REPUBLIC ,0.057
1809477,DOMINICAN REPUBLIC ,0.076
1809478,DOMINICAN REPUBLIC ,0.076
1809479,DOMINICAN REPUBLIC ,0.076
1809482,DOMINICAN REPUBLIC ,0.056
1809483,DOMINICAN REPUBLIC ,0.056
1809484,DOMINICAN REPUBLIC ,0.111
1809485,DOMINICAN REPUBLIC ,0.111
1809487,DOMINICAN REPUBLIC ,0.056
1809488,DOMINICAN REPUBLIC ,0.076
1809503,DOMINICAN REPUBLIC ,0.056
1809504,DOMINICAN REPUBLIC ,0.076
1809506,DOMINICAN REPUBLIC ,0.076
1809508,DOMINICAN REPUBLIC ,0.056
1809512,DOMINICAN REPUBLIC ,0.076
1809515,DOMINICAN REPUBLIC ,0.111
1809518,DOMINICAN REPUBLIC ,0.056
1809520,DOMINICAN REPUBLIC ,0.076
1809530,DOMINICAN REPUBLIC ,0.056
1809531,DOMINICAN REPUBLIC ,0.056
1809532,DOMINICAN REPUBLIC ,0.056
1809533,DOMINICAN REPUBLIC ,0.056
1809534,DOMINICAN REPUBLIC ,0.056
1809535,DOMINICAN REPUBLIC Mobile,0.056
1809536,DOMINICAN REPUBLIC ,0.056
1809537,DOMINICAN REPUBLIC Mobile,0.056
1809540,DOMINICAN REPUBLIC Mobile,0.056
1809541,DOMINICAN REPUBLIC ,0.056
1809542,DOMINICAN REPUBLIC ,0.076
1809543,DOMINICAN REPUBLIC ,0.111
1809544,DOMINICAN REPUBLIC ,0.056
1809546,DOMINICAN REPUBLIC ,0.076
1809547,DOMINICAN REPUBLIC ,0.056
1809548,DOMINICAN REPUBLIC ,0.056
1809549,DOMINICAN REPUBLIC ,0.056
1809604,DOMINICAN REPUBLIC ,0.111
1809606,DOMINICAN REPUBLIC ,0.076
1809616,DOMINICAN REPUBLIC ,0.056
1809618,DOMINICAN REPUBLIC ,0.076
1809620,DOMINICAN REPUBLIC ,0.056
1809621,DOMINICAN REPUBLIC ,0.056
1809622,DOMINICAN REPUBLIC ,0.056
1809623,DOMINICAN REPUBLIC ,0.056
1809638,DOMINICAN REPUBLIC ,0.053
1809654,DOMINICAN REPUBLIC ,0.076
1809655,DOMINICAN REPUBLIC ,0.056
1809660,DOMINICAN REPUBLIC ,0.11
1809661,DOMINICAN REPUBLIC ,0.11
1809662,DOMINICAN REPUBLIC ,0.11
1809663,DOMINICAN REPUBLIC ,0.11
1809664,DOMINICAN REPUBLIC ,0.11
1809665,DOMINICAN REPUBLIC ,0.11
1809666,DOMINICAN REPUBLIC ,0.11
1809667,DOMINICAN REPUBLIC ,0.11
1809668,DOMINICAN REPUBLIC ,0.11
1809672,DOMINICAN REPUBLIC ,0.111
1809673,DOMINICAN REPUBLIC ,0.111
1809674,DOMINICAN REPUBLIC ,0.111
1809675,DOMINICAN REPUBLIC ,0.111
1809676,DOMINICAN REPUBLIC ,0.111
1809677,DOMINICAN REPUBLIC ,0.111
1809678,DOMINICAN REPUBLIC ,0.111
1809681,DOMINICAN REPUBLIC ,0.056
1809682,DOMINICAN REPUBLIC ,0.056
1809683,DOMINICAN REPUBLIC Mobile,0.056
1809684,DOMINICAN REPUBLIC ,0.056
1809685,DOMINICAN REPUBLIC ,0.056
1809686,DOMINICAN REPUBLIC ,0.056
1809687,DOMINICAN REPUBLIC ,0.056
1809688,DOMINICAN REPUBLIC ,0.056
1809689,DOMINICAN REPUBLIC ,0.056
1809692,DOMINICAN REPUBLIC ,0.056
1809693,DOMINICAN REPUBLIC ,0.111
1809694,DOMINICAN REPUBLIC ,0.076
1809695,DOMINICAN REPUBLIC Mobile,0.056
1809698,DOMINICAN REPUBLIC ,0.076
1809699,DOMINICAN REPUBLIC ,0.056
1809700,DOMINICAN REPUBLIC ,0.11
1809701,DOMINICAN REPUBLIC ,0.056
1809702,DOMINICAN REPUBLIC ,0.111
1809703,DOMINICAN REPUBLIC ,0.111
1809704,DOMINICAN REPUBLIC ,0.111
1809705,DOMINICAN REPUBLIC ,0.111
1809706,DOMINICAN REPUBLIC ,0.111
1809712,DOMINICAN REPUBLIC ,0.11
1809713,DOMINICAN REPUBLIC ,0.11
1809714,DOMINICAN REPUBLIC ,0.11
1809715,DOMINICAN REPUBLIC ,0.11
1809722,DOMINICAN REPUBLIC ,0.076
1809726,DOMINICAN REPUBLIC ,0.056
1809728,DOMINICAN REPUBLIC ,0.056
1809730,DOMINICAN REPUBLIC ,0.056
1809731,DOMINICAN REPUBLIC ,0.056
1809732,DOMINICAN REPUBLIC ,0.056
1809735,DOMINICAN REPUBLIC ,0.056
1809740,DOMINICAN REPUBLIC ,0.056
1809741,DOMINICAN REPUBLIC ,0.056
1809744,DOMINICAN REPUBLIC ,0.056
1809745,DOMINICAN REPUBLIC ,0.056
1809747,DOMINICAN REPUBLIC ,0.111
1809748,DOMINICAN REPUBLIC ,0.056
1809766,DOMINICAN REPUBLIC ,0.056
1809778,DOMINICAN REPUBLIC ,0.111
1809779,DOMINICAN REPUBLIC ,0.111
1809780,DOMINICAN REPUBLIC ,0.111
1809781,DOMINICAN REPUBLIC ,0.111
1809782,DOMINICAN REPUBLIC ,0.111
1809783,DOMINICAN REPUBLIC ,0.111
1809784,DOMINICAN REPUBLIC ,0.056
1809788,DOMINICAN REPUBLIC ,0.056
1809790,DOMINICAN REPUBLIC ,0.111
1809791,DOMINICAN REPUBLIC ,0.111
1809793,DOMINICAN REPUBLIC ,0.056
1809794,DOMINICAN REPUBLIC ,0.056
1809795,DOMINICAN REPUBLIC ,0.056
1809798,DOMINICAN REPUBLIC ,0.111
1809799,DOMINICAN REPUBLIC ,0.056
1809812,DOMINICAN REPUBLIC ,0.111
1809819,DOMINICAN REPUBLIC ,0.111
1809820,DOMINICAN REPUBLIC ,0.111
1809821,DOMINICAN REPUBLIC ,0.111
1809826,DOMINICAN REPUBLIC ,0.056
1809827,DOMINICAN REPUBLIC ,0.111
1809828,DOMINICAN REPUBLIC ,0.111
1809830,DOMINICAN REPUBLIC ,0.056
1809831,DOMINICAN REPUBLIC ,0.056
1809870,DOMINICAN REPUBLIC ,0.056
1809872,DOMINICAN REPUBLIC ,0.056
1809887,DOMINICAN REPUBLIC ,0.056
1809888,DOMINICAN REPUBLIC ,0.111
1809891,DOMINICAN REPUBLIC ,0.111
1809899,DOMINICAN REPUBLIC ,0.111
1809901,DOMINICAN REPUBLIC ,0.111
1809902,DOMINICAN REPUBLIC ,0.111
1809903,DOMINICAN REPUBLIC ,0.111
1809904,DOMINICAN REPUBLIC ,0.111
1809920,DOMINICAN REPUBLIC ,0.056
1809922,DOMINICAN REPUBLIC ,0.056
1809925,DOMINICAN REPUBLIC ,0.056
1809926,DOMINICAN REPUBLIC ,0.056
1809930,DOMINICAN REPUBLIC ,0.056
1809934,DOMINICAN REPUBLIC ,0.056
1809937,DOMINICAN REPUBLIC ,0.056
1809947,DOMINICAN REPUBLIC ,0.056
1809948,DOMINICAN REPUBLIC ,0.056
1809951,DOMINICAN REPUBLIC ,0.053
1809955,DOMINICAN REPUBLIC ,0.056
1809956,DOMINICAN REPUBLIC ,0.111
1809985,DOMINICAN REPUBLIC ,0.11
18092220,DOMINICAN REPUBLIC ,0.053
18092221,DOMINICAN REPUBLIC ,0.053
18092222,DOMINICAN REPUBLIC ,0.053
18092226,DOMINICAN REPUBLIC ,0.11
18092227,DOMINICAN REPUBLIC ,0.053
18092228,DOMINICAN REPUBLIC ,0.053
18092433,DOMINICAN REPUBLIC ,0.053
18092435,DOMINICAN REPUBLIC ,0.053
18092481,DOMINICAN REPUBLIC ,0.11
18092483,DOMINICAN REPUBLIC ,0.11
18092650,DOMINICAN REPUBLIC ,0.053
18093691,DOMINICAN REPUBLIC ,0.053
18093749,DOMINICAN REPUBLIC ,0.053
18094700,DOMINICAN REPUBLIC ,0.053
18094709,DOMINICAN REPUBLIC ,0.053
18095261,DOMINICAN REPUBLIC ,0.053
18095262,DOMINICAN REPUBLIC ,0.053
18095263,DOMINICAN REPUBLIC ,0.053
18095265,DOMINICAN REPUBLIC ,0.053
18095429,DOMINICAN REPUBLIC ,0.11
18098597,DOMINICAN REPUBLIC ,0.11
18098598,DOMINICAN REPUBLIC ,0.11
18099760,DOMINICAN REPUBLIC ,0.11
18099761,DOMINICAN REPUBLIC ,0.11
180922291,DOMINICAN REPUBLIC ,0.053
180952699,DOMINICAN REPUBLIC ,0.053
180985990,DOMINICAN REPUBLIC ,0.11
180985991,DOMINICAN REPUBLIC ,0.11
180985992,DOMINICAN REPUBLIC ,0.11
180985993,DOMINICAN REPUBLIC ,0.11
180985994,DOMINICAN REPUBLIC ,0.11
180985995,DOMINICAN REPUBLIC ,0.11
180985996,DOMINICAN REPUBLIC ,0.11
180985997,DOMINICAN REPUBLIC ,0.11
593,ECUADOR Proper,0.136
5932,ECUADOR Quito,0.102
5934,ECUADOR Guayaquil,0.101
5937,ECUADOR Cuenca,0.106
5939,ECUADOR Mobile,0.111
59395,ECUADOR ,0.186
59397,ECUADOR ,0.183
59398,ECUADOR ,0.186
593940,ECUADOR ,0.183
593941,ECUADOR ,0.183
593990,ECUADOR ,0.186
593991,ECUADOR ,0.183
593992,ECUADOR ,0.186
593993,ECUADOR ,0.183
593994,ECUADOR ,0.183
593995,ECUADOR ,0.183
593996,ECUADOR ,0.183
593997,ECUADOR ,0.186
593998,ECUADOR ,0.186
593999,ECUADOR ,0.186
5937280,ECUADOR ,0.084
5937281,ECUADOR ,0.084
5937282,ECUADOR ,0.084
5937283,ECUADOR ,0.084
5937284,ECUADOR ,0.084
5937286,ECUADOR ,0.084
59372340,ECUADOR ,0.084
59372341,ECUADOR ,0.084
59372375,ECUADOR ,0.084
59372376,ECUADOR ,0.084
59372377,ECUADOR ,0.084
59372385,ECUADOR ,0.084
59372386,ECUADOR ,0.084
59372450,ECUADOR ,0.084
59372451,ECUADOR ,0.084
59372452,ECUADOR ,0.084
59372453,ECUADOR ,0.084
59372475,ECUADOR ,0.084
59372476,ECUADOR ,0.084
59372480,ECUADOR ,0.084
59372850,ECUADOR ,0.084
59372853,ECUADOR ,0.084
59372854,ECUADOR ,0.084
59372855,ECUADOR ,0.084
59372856,ECUADOR ,0.084
59372857,ECUADOR ,0.084
59372858,ECUADOR ,0.084
59372859,ECUADOR ,0.084
59372870,ECUADOR ,0.084
59372871,ECUADOR ,0.084
59372875,ECUADOR ,0.084
59372876,ECUADOR ,0.084
59372877,ECUADOR ,0.084
59372878,ECUADOR ,0.084
59372879,ECUADOR ,0.084
59372880,ECUADOR ,0.084
59372881,ECUADOR ,0.084
59372882,ECUADOR ,0.084
59372883,ECUADOR ,0.084
59372884,ECUADOR ,0.084
59372885,ECUADOR ,0.084
59372886,ECUADOR ,0.084
59372887,ECUADOR ,0.084
59372888,ECUADOR ,0.084
59372890,ECUADOR ,0.084
59372891,ECUADOR ,0.084
59372892,ECUADOR ,0.084
59372893,ECUADOR ,0.084
59372894,ECUADOR ,0.084
59372896,ECUADOR ,0.084
59372897,ECUADOR ,0.084
59372898,ECUADOR ,0.084
59372899,ECUADOR ,0.084
59372900,ECUADOR ,0.084
593723200,ECUADOR ,0.084
593723201,ECUADOR ,0.084
593723202,ECUADOR ,0.084
593723203,ECUADOR ,0.084
593723204,ECUADOR ,0.084
593723205,ECUADOR ,0.084
593723206,ECUADOR ,0.084
593723207,ECUADOR ,0.084
593723300,ECUADOR ,0.084
593723301,ECUADOR ,0.084
593723302,ECUADOR ,0.084
593723303,ECUADOR ,0.084
593723304,ECUADOR ,0.084
593723305,ECUADOR ,0.084
593723420,ECUADOR ,0.084
593723421,ECUADOR ,0.084
593723500,ECUADOR ,0.084
593723501,ECUADOR ,0.084
593723502,ECUADOR ,0.084
593723503,ECUADOR ,0.084
593723504,ECUADOR ,0.084
593723505,ECUADOR ,0.084
593723600,ECUADOR ,0.084
593723601,ECUADOR ,0.084
593723602,ECUADOR ,0.084
593723650,ECUADOR ,0.084
593723651,ECUADOR ,0.084
593723652,ECUADOR ,0.084
593723653,ECUADOR ,0.084
593723654,ECUADOR ,0.084
593723655,ECUADOR ,0.084
593723656,ECUADOR ,0.084
593723657,ECUADOR ,0.084
593723658,ECUADOR ,0.084
593723700,ECUADOR ,0.084
593723701,ECUADOR ,0.084
593723702,ECUADOR ,0.084
593723703,ECUADOR ,0.084
593723704,ECUADOR ,0.084
593723705,ECUADOR ,0.084
593723870,ECUADOR ,0.084
593723871,ECUADOR ,0.084
593723872,ECUADOR ,0.084
593723873,ECUADOR ,0.084
593723874,ECUADOR ,0.084
593723875,ECUADOR ,0.084
593723876,ECUADOR ,0.084
593723877,ECUADOR ,0.084
593723900,ECUADOR ,0.084
593723901,ECUADOR ,0.084
593723902,ECUADOR ,0.084
593724000,ECUADOR ,0.084
593724001,ECUADOR ,0.084
593724002,ECUADOR ,0.084
593724003,ECUADOR ,0.084
593724004,ECUADOR ,0.084
593724005,ECUADOR ,0.084
593724006,ECUADOR ,0.084
593724007,ECUADOR ,0.084
593724400,ECUADOR ,0.084
593724401,ECUADOR ,0.084
593724402,ECUADOR ,0.084
593724403,ECUADOR ,0.084
593724404,ECUADOR ,0.084
593724405,ECUADOR ,0.084
593724406,ECUADOR ,0.084
593724407,ECUADOR ,0.084
593724600,ECUADOR ,0.084
593724601,ECUADOR ,0.084
593724602,ECUADOR ,0.084
593724603,ECUADOR ,0.084
593724604,ECUADOR ,0.084
593724605,ECUADOR ,0.084
593724700,ECUADOR ,0.084
593724701,ECUADOR ,0.084
593724702,ECUADOR ,0.084
593724703,ECUADOR ,0.084
593724704,ECUADOR ,0.084
593724770,ECUADOR ,0.084
593724771,ECUADOR ,0.084
593724772,ECUADOR ,0.084
593724773,ECUADOR ,0.084
593724774,ECUADOR ,0.084
593724775,ECUADOR ,0.084
593724776,ECUADOR ,0.084
593724810,ECUADOR ,0.084
593724811,ECUADOR ,0.084
593724812,ECUADOR ,0.084
593724850,ECUADOR ,0.084
593724851,ECUADOR ,0.084
593724852,ECUADOR ,0.084
593724853,ECUADOR ,0.084
593724854,ECUADOR ,0.084
593724855,ECUADOR ,0.084
593724856,ECUADOR ,0.084
593724857,ECUADOR ,0.084
593724900,ECUADOR ,0.084
593724901,ECUADOR ,0.084
593724902,ECUADOR ,0.084
593724903,ECUADOR ,0.084
593724904,ECUADOR ,0.084
593724905,ECUADOR ,0.084
593724906,ECUADOR ,0.084
593728510,ECUADOR ,0.084
593728511,ECUADOR ,0.084
593728512,ECUADOR ,0.084
593728513,ECUADOR ,0.084
593728514,ECUADOR ,0.084
593728515,ECUADOR ,0.084
593728516,ECUADOR ,0.084
593728720,ECUADOR ,0.084
593728721,ECUADOR ,0.084
593728722,ECUADOR ,0.084
593728723,ECUADOR ,0.084
593728724,ECUADOR ,0.084
593728725,ECUADOR ,0.084
593728726,ECUADOR ,0.084
593728727,ECUADOR ,0.084
593728890,ECUADOR ,0.084
593728891,ECUADOR ,0.084
593728892,ECUADOR ,0.084
593728893,ECUADOR ,0.084
593728894,ECUADOR ,0.084
593728895,ECUADOR ,0.084
593728896,ECUADOR ,0.084
593728950,ECUADOR ,0.084
593728951,ECUADOR ,0.084
593728952,ECUADOR ,0.084
593728953,ECUADOR ,0.084
593728954,ECUADOR ,0.084
593728955,ECUADOR ,0.084
593728956,ECUADOR ,0.084
593729010,ECUADOR ,0.084
593729011,ECUADOR ,0.084
593729012,ECUADOR ,0.084
593729013,ECUADOR ,0.084
593729014,ECUADOR ,0.084
593729015,ECUADOR ,0.084
20,EGYPT Proper,0.148
202,EGYPT Cairo,0.148
203,EGYPT Alexandria,0.143
2010,EGYPT Mobile,0.129
2011,EGYPT ,0.129
2012,EGYPT Mobile,0.129
503,EL SALVADOR Proper,0.107
5037,EL SALVADOR Mobile,0.098
5038,EL SALVADOR Mobile,0.098
240,EQUATORIAL GUINEA Proper,0.198
291,ERITREA Proper,0.243
372,ESTONIA Proper,0.046
3725,ESTONIA Mobile,0.255
3726,ESTONIA ,0.028
251,ETHIOPIA Proper,0.246
2511,ETHIOPIA Addis Ababa,0.235
500,FALKLAND ISLANDS (MALVINAS) Proper,0.561
298,FAROE ISLANDS Proper,0.162
679,FIJI Proper,0.225
67999,FIJI Mobile,0.228
358,FINLAND Proper,0.041
3584,FINLAND Mobile,0.143
35850,FINLAND Mobile,0.143
33,FRANCE Proper,0.022
331,FRANCE Paris,0.016
336,FRANCE Mobile,0.154
3361,FRANCE ,0.133
3367,FRANCE ,0.129
3368,FRANCE ,0.129
33603,FRANCE ,0.133
33607,FRANCE ,0.129
33608,FRANCE ,0.129
33609,FRANCE ,0.133
33620,FRANCE ,0.109
33621,FRANCE ,0.109
33622,FRANCE ,0.109
33623,FRANCE ,0.109
33624,FRANCE ,0.109
33625,FRANCE ,0.109
33626,FRANCE ,0.109
33627,FRANCE ,0.109
33630,FRANCE ,0.129
33631,FRANCE ,0.129
33632,FRANCE ,0.129
33633,FRANCE ,0.129
33634,FRANCE ,0.123
33653,FRANCE ,0.143
33660,FRANCE ,0.147
33661,FRANCE ,0.147
33662,FRANCE ,0.147
33663,FRANCE ,0.147
33664,FRANCE ,0.147
33665,FRANCE ,0.147
33666,FRANCE ,0.147
33667,FRANCE ,0.147
33668,FRANCE ,0.147
33698,FRANCE ,0.147
33699,FRANCE ,0.147
594,FRENCH GUIANA Proper,0.18
689,FRENCH POLYNESIA Proper,0.187
241,GABON Proper,0.111
220,GAMBIA Proper,0.148
2207,GAMBIA ,0.12
2209,GAMBIA ,0.133
22077,GAMBIA ,0.133
220770,GAMBIA ,0.12
220775,GAMBIA ,0.12
220776,GAMBIA ,0.12
220777,GAMBIA ,0.12
220778,GAMBIA ,0.12
220779,GAMBIA ,0.12
995,GEORGIA Proper,0.09
99532,GEORGIA Tblisi,0.046
99577,GEORGIA Mobile,0.129
99593,GEORGIA Mobile,0.129
99597,GEORGIA Mobile,0.129
99599,GEORGIA Mobile,0.129
49,GERMANY Proper,0.018
4915,GERMANY Mobile,0.218
4916,GERMANY Mobile,0.18
4917,GERMANY Mobile,0.218
4918,GERMANY Premium,0.176
4930,GERMANY Berlin,0.016
4969,GERMANY Frankfurt,0.016
49150,GERMANY ,0.168
49151,GERMANY ,0.149
49152,GERMANY ,0.158
49155,GERMANY ,0.168
49156,GERMANY ,0.185
49157,GERMANY ,0.168
49159,GERMANY ,0.169
49160,GERMANY ,0.149
49161,GERMANY ,0.218
49162,GERMANY ,0.158
49163,GERMANY ,0.168
49170,GERMANY ,0.149
49171,GERMANY ,0.149
49172,GERMANY ,0.158
49173,GERMANY ,0.158
49174,GERMANY ,0.158
49175,GERMANY ,0.149
49176,GERMANY ,0.169
49177,GERMANY ,0.168
49178,GERMANY ,0.168
49179,GERMANY ,0.169
233,GHANA Proper,0.094
23320,GHANA Mobile,0.148
23321,GHANA Accra,0.082
23324,GHANA Mobile,0.15
23327,GHANA Mobile,0.15
23328,GHANA Mobile,0.145
350,GIBRALTAR Proper,0.059
35054,GIBRALTAR Mobile,0.192
35056,GIBRALTAR Mobile,0.192
35057,GIBRALTAR Mobile,0.192
35058,GIBRALTAR Mobile,0.192
881,Global Mobile Satellite System (GMSS) ,2.531
30,GREECE Proper,0.027
3021,GREECE ,0.022
30231,GREECE ,0.018
30693,GREECE ,0.162
30694,GREECE ,0.162
30697,GREECE ,0.157
30699,GREECE ,0.217
299,GREENLAND Proper,0.408
1473,GRENADA Proper,0.188
590,GUADELOUPE Proper,0.077
590690,GUADELOUPE Mobile,0.232
1671,GUAM Guam,0.028
502,GUATEMALA Proper,0.118
5025,GUATEMALA ,0.106
224,GUINEA Proper,0.128
22411,GUINEA ,0.11
22412,GUINEA ,0.11
22413,GUINEA ,0.11
245,GUINEA-BISSAU Proper,0.668
2459,GUINEA-BISSAU ,0.454
592,GUYANA Proper,0.249
5921,GUYANA Mobile,0.236
5922,GUYANA ,0.236
5926,GUYANA Mobile,0.236
59248,GUYANA Mobile,0.236
59254,GUYANA Mobile,0.236
59256,GUYANA Mobile,0.236
59257,GUYANA Mobile,0.236
59258,GUYANA Mobile,0.236
59259,GUYANA Mobile,0.236
592888,GUYANA Mobile,0.236
509,HAITI Proper,0.188
5093,HAITI Mobile,0.201
5094,HAITI Mobile,0.208
5095,HAITI Mobile,0.218
50921,HAITI Port Au Prince,0.149
379,HOLY SEE (VATICAN CITY STATE) Proper,0.029
504,HONDURAS Proper,0.24
5042,HONDURAS Tegucigalpa,0.168
5045,HONDURAS ,0.168
5049,HONDURAS Mobile,0.191
852,HONG KONG Proper,0.026
8526,HONG KONG Mobile,0.016
8529,HONG KONG Mobile,0.016
36,HUNGARY Proper,0.044
361,HUNGARY Budapest,0.022
3620,HUNGARY Mobile,0.201
3630,HUNGARY Mobile,0.201
3670,HUNGARY Mobile,0.201
354,ICELAND Proper,0.043
3546,ICELAND Mobile,0.202
3548,ICELAND Mobile,0.202
35435,ICELAND ,0.174
35436,ICELAND ,0.174
35437,ICELAND ,0.174
35438,ICELAND Mobile,0.174
35439,ICELAND Mobile,0.174
91,INDIA Proper,0.115
9111,INDIA Delhi,0.103
9116,INDIA ,0.103
9117,INDIA ,0.103
9118,INDIA ,0.103
9120,INDIA Pune,0.103
9122,INDIA Bombay,0.103
9126,INDIA ,0.103
9127,INDIA ,0.103
9128,INDIA ,0.103
9133,INDIA Calcutta,0.103
9140,INDIA Hyderabad,0.103
9141,INDIA ,0.103
9142,INDIA ,0.103
9143,INDIA ,0.103
9144,INDIA Madras,0.103
9145,INDIA ,0.103
9146,INDIA ,0.103
9147,INDIA ,0.103
9148,INDIA ,0.103
9149,INDIA ,0.103
9179,INDIA Ahmadabad,0.103
9180,INDIA Bangalore,0.103
9184,INDIA ,0.103
9185,INDIA ,0.103
9186,INDIA ,0.103
9187,INDIA ,0.103
9188,INDIA ,0.103
9189,INDIA ,0.103
9193,INDIA ,0.103
9194,INDIA ,0.103
9198,INDIA Mobile,0.103
919440,INDIA ,0.103
919444,INDIA ,0.103
919814,INDIA ,0.103
919815,INDIA ,0.103
919840,INDIA ,0.103
919841,INDIA ,0.103
919848,INDIA ,0.103
919849,INDIA ,0.103
919872,INDIA ,0.103
919884,INDIA ,0.103
919885,INDIA ,0.103
62,INDONESIA Proper,0.088
628,INDONESIA Mobile,0.123
6221,INDONESIA Jakarta,0.042
6222,INDONESIA ,0.061
6224,INDONESIA ,0.069
6231,INDONESIA Surabaya,0.042
6261,INDONESIA ,0.061
62231,INDONESIA ,0.072
62271,INDONESIA ,0.069
62274,INDONESIA ,0.077
62331,INDONESIA ,0.069
62341,INDONESIA ,0.056
62351,INDONESIA ,0.063
62361,INDONESIA ,0.058
62711,INDONESIA ,0.068
62721,INDONESIA ,0.068
62761,INDONESIA ,0.069
62778,INDONESIA ,0.057
62811,INDONESIA ,0.118
62812,INDONESIA ,0.118
62813,INDONESIA ,0.118
62815,INDONESIA ,0.118
62816,INDONESIA ,0.118
62817,INDONESIA ,0.115
62818,INDONESIA ,0.115
62819,INDONESIA ,0.115
62852,INDONESIA ,0.118
871,Inmarsat (Atlantic Ocean-East) ,3.633
874,Inmarsat (Atlantic Ocean-West) ,3.618
873,Inmarsat (Indian Ocean) ,3.168
872,Inmarsat (Pacific Ocean) ,3.173
870,Inmarsat SNAC ,3.128
882,International networks ,1.178
98,IRAN (ISLAMIC REPUBLIC OF) Proper,0.118
9821,IRAN (ISLAMIC REPUBLIC OF) Tehran,0.049
98911,IRAN (ISLAMIC REPUBLIC OF) Mobile,0.147
98912,IRAN (ISLAMIC REPUBLIC OF) ,0.147
98913,IRAN (ISLAMIC REPUBLIC OF) ,0.147
98914,IRAN (ISLAMIC REPUBLIC OF) Mobile,0.147
98915,IRAN (ISLAMIC REPUBLIC OF) ,0.147
98916,IRAN (ISLAMIC REPUBLIC OF) ,0.147
98917,IRAN (ISLAMIC REPUBLIC OF) ,0.147
98918,IRAN (ISLAMIC REPUBLIC OF) ,0.147
964,IRAQ Proper,0.153
9641,IRAQ Baghdad,0.043
9647701,IRAQ ,0.118
9647702,IRAQ ,0.118
9647801,IRAQ ,0.128
9647802,IRAQ ,0.128
9647901,IRAQ ,0.148
9647902,IRAQ ,0.148
353,IRELAND Proper,0.018
3531,IRELAND Dublin,0.016
35385,IRELAND Mobile,0.188
35386,IRELAND Mobile,0.183
35387,IRELAND Mobile,0.183
35388,IRELAND Mobile,0.188
972,ISRAEL Proper,0.054
9722,ISRAEL Jerusalem,0.026
9723,ISRAEL Tel Aviv,0.022
97222,ISRAEL ,0.18
97242,ISRAEL ,0.144
97250,ISRAEL Mobile,0.077
97252,ISRAEL Mobile,0.077
97254,ISRAEL Mobile,0.077
97257,ISRAEL Mobile,0.077
97259,ISRAEL Mobile,0.093
97282,ISRAEL ,0.143
97292,ISRAEL ,0.143
39,ITALY Proper,0.018
393,ITALY Mobile,0.223
39320,ITALY ,0.203
39322,ITALY ,0.203
39323,ITALY ,0.203
39327,ITALY ,0.203
39328,ITALY ,0.203
39329,ITALY ,0.203
39330,ITALY ,0.177
39331,ITALY ,0.177
39333,ITALY ,0.177
39334,ITALY ,0.177
39335,ITALY ,0.177
39336,ITALY ,0.177
39337,ITALY ,0.177
39338,ITALY ,0.177
39339,ITALY ,0.177
39340,ITALY ,0.19
39341,ITALY ,0.19
39343,ITALY ,0.19
39346,ITALY ,0.19
39347,ITALY ,0.19
39348,ITALY ,0.19
39349,ITALY ,0.19
39360,ITALY ,0.177
39361,ITALY ,0.177
39362,ITALY ,0.177
39363,ITALY ,0.177
39366,ITALY ,0.166
39368,ITALY ,0.177
39370,ITALY ,0.184
39377,ITALY ,0.184
39380,ITALY ,0.203
39383,ITALY ,0.203
39387,ITALY ,0.203
39388,ITALY ,0.203
39389,ITALY ,0.203
39390,ITALY ,0.208
39391,ITALY ,0.208
39392,ITALY ,0.208
39393,ITALY ,0.208
39397,ITALY ,0.208
1876,JAMAICA Proper,0.091
18763,JAMAICA ,0.183
187640,JAMAICA ,0.183
187642,JAMAICA Mobile,0.183
187643,JAMAICA ,0.183
187645,JAMAICA ,0.183
187646,JAMAICA ,0.183
187647,JAMAICA ,0.183
187648,JAMAICA ,0.183
187649,JAMAICA Mobile,0.183
187653,JAMAICA ,0.183
187654,JAMAICA ,0.183
187677,JAMAICA Mobile,0.183
187682,JAMAICA Mobile,0.183
187683,JAMAICA Mobile,0.183
187684,JAMAICA ,0.183
187685,JAMAICA ,0.183
187686,JAMAICA ,0.183
187689,JAMAICA ,0.183
1876210,JAMAICA Mobile,0.183
1876410,JAMAICA ,0.183
1876412,JAMAICA ,0.183
1876413,JAMAICA ,0.183
1876414,JAMAICA ,0.183
1876415,JAMAICA ,0.183
1876416,JAMAICA ,0.183
1876417,JAMAICA ,0.183
1876418,JAMAICA ,0.183
1876419,JAMAICA ,0.183
1876440,JAMAICA ,0.183
1876441,JAMAICA ,0.183
1876442,JAMAICA ,0.183
1876443,JAMAICA ,0.183
1876445,JAMAICA ,0.183
1876446,JAMAICA ,0.183
1876447,JAMAICA ,0.183
1876448,JAMAICA ,0.183
1876449,JAMAICA ,0.183
1876621,JAMAICA ,0.183
1876700,JAMAICA Mobile,0.183
1876707,JAMAICA Mobile,0.183
1876781,JAMAICA Mobile,0.183
1876782,JAMAICA Mobile,0.183
1876783,JAMAICA Mobile,0.183
1876784,JAMAICA Mobile,0.183
1876787,JAMAICA Mobile,0.183
1876788,JAMAICA Mobile,0.183
1876789,JAMAICA Mobile,0.183
1876790,JAMAICA Mobile,0.183
1876791,JAMAICA Mobile,0.183
1876792,JAMAICA Mobile,0.183
1876793,JAMAICA Mobile,0.183
1876796,JAMAICA Mobile,0.183
1876797,JAMAICA Mobile,0.183
1876798,JAMAICA Mobile,0.183
1876799,JAMAICA Mobile,0.183
1876804,JAMAICA ,0.183
1876805,JAMAICA ,0.183
1876806,JAMAICA Mobile,0.183
1876807,JAMAICA Mobile,0.183
1876808,JAMAICA Mobile,0.183
1876809,JAMAICA Mobile,0.183
1876810,JAMAICA ,0.183
1876812,JAMAICA ,0.183
1876813,JAMAICA ,0.183
1876814,JAMAICA ,0.183
1876815,JAMAICA ,0.183
1876816,JAMAICA Mobile,0.183
1876817,JAMAICA Mobile,0.183
1876818,JAMAICA Mobile,0.183
1876819,JAMAICA Mobile,0.183
1876870,JAMAICA ,0.183
1876871,JAMAICA ,0.183
1876872,JAMAICA ,0.183
1876873,JAMAICA ,0.183
1876874,JAMAICA ,0.183
1876875,JAMAICA ,0.183
1876877,JAMAICA ,0.183
1876878,JAMAICA ,0.183
1876879,JAMAICA ,0.183
1876880,JAMAICA ,0.183
1876881,JAMAICA ,0.183
1876882,JAMAICA ,0.183
1876883,JAMAICA ,0.183
1876884,JAMAICA ,0.183
1876885,JAMAICA ,0.183
1876886,JAMAICA ,0.183
1876887,JAMAICA ,0.183
1876889,JAMAICA ,0.183
1876909,JAMAICA Mobile,0.183
1876919,JAMAICA Mobile,0.183
1876990,JAMAICA Mobile,0.183
1876995,JAMAICA Mobile,0.183
1876997,JAMAICA Mobile,0.183
1876999,JAMAICA Mobile,0.183
81,JAPAN Proper,0.035
813,JAPAN Tokyo,0.029
8170,JAPAN Mobile,0.127
8180,JAPAN Mobile,0.127
8190,JAPAN Mobile,0.127
962,JORDAN Proper,0.117
9626,JORDAN Amman,0.096
96277,JORDAN Mobile,0.103
96279,JORDAN Mobile,0.11
254,KENYA Proper,0.173
2547,KENYA ,0.231
25420,KENYA ,0.066
686,KIRIBATI Proper,0.511
82,KOREA REPUBLIC OF,0.027
821,KOREA REPUBLIC OF,0.053
822,KOREA REPUBLIC OF,0.022
850,KOREA DEMOCRATIC PEOPLES REPUBLIC OF,0.368
965,KUWAIT Proper,0.087
9656,KUWAIT Mobile,0.078
96578,KUWAIT ,0.078
96579,KUWAIT ,0.078
96590,KUWAIT ,0.078
96594,KUWAIT ,0.078
96595,KUWAIT ,0.078
96596,KUWAIT ,0.078
96597,KUWAIT ,0.078
96598,KUWAIT ,0.078
965701,KUWAIT ,0.078
965702,KUWAIT ,0.078
965936,KUWAIT ,0.078
965937,KUWAIT ,0.078
965938,KUWAIT ,0.078
965939,KUWAIT ,0.078
996,KYRGYZSTAN Proper,0.1
996312,KYRGYZSTAN ,0.082
996502,KYRGYZSTAN Mobile,0.106
996517,KYRGYZSTAN Mobile,0.106
856,LAO PEOPLES DEMOCRATIC REPUBLIC Proper,0.074
371,LATVIA Proper,0.145
3712,LATVIA ,0.046
3716,LATVIA Mobile,0.196
3717,LATVIA ,0.046
3719,LATVIA Mobile,0.196
37159,LATVIA ,0.164
961,LEBANON Proper,0.103
9613,LEBANON Mobile,0.182
96170,LEBANON Mobile,0.184
96171,LEBANON Mobile,0.184
266,LESOTHO Mafeteng Proper,0.181
231,LIBERIA Proper,0.201
23128,LIBERIA Mobile,0.202
23133,LIBERIA ,0.202
23139,LIBERIA ,0.202
23140,LIBERIA Mobile,0.219
23141,LIBERIA Mobile,0.219
23150,LIBERIA Mobile,0.202
23151,LIBERIA Mobile,0.21
23155,LIBERIA Mobile,0.21
23164,LIBERIA Mobile,0.21
23165,LIBERIA Mobile,0.21
218,LIBYAN ARAB JAMAHIRIYA Proper,0.192
423,LIECHTENSTEIN Proper,0.066
4235,LIECHTENSTEIN Mobile,0.178
4236,LIECHTENSTEIN Mobile,0.178
4237,LIECHTENSTEIN Mobile,0.178
370,LITHUANIA Proper,0.093
3706,LITHUANIA ,0.146
3709,LITHUANIA Mobile,0.146
352,LUXEMBOURG Proper,0.046
35221,LUXEMBOURG Mobile,0.207
35228,LUXEMBOURG Mobile,0.207
35268,LUXEMBOURG Mobile,0.207
35291,LUXEMBOURG Mobile,0.207
35298,LUXEMBOURG ,0.207
352021,LUXEMBOURG Mobile,0.207
352028,LUXEMBOURG Mobile,0.207
352091,LUXEMBOURG Mobile,0.207
352098,LUXEMBOURG Mobile,0.207
352291,LUXEMBOURG Mobile,0.191
3520291,LUXEMBOURG Mobile,0.207
853,MACAU Proper,0.066
8536,MACAU Mobile,0.053
389,MACEDONIA THE FORMER YUGOSLAV REPUBLIC OF,0.13
38970,MACEDONIA THE FORMER YUGOSLAV REPUBLIC OF,0.224
38971,MACEDONIA THE FORMER YUGOSLAV REPUBLIC OF,0.224
38975,MACEDONIA THE FORMER YUGOSLAV REPUBLIC OF,0.224
261,MADAGASCAR Proper,0.187
2613,MADAGASCAR Mobile,0.184
265,MALAWI Proper,0.063
60,MALAYSIA Proper,0.027
601,MALAYSIA Mobile,0.055
603,MALAYSIA Kuala Lumpur,0.026
6011,MALAYSIA ,0.047
6012,MALAYSIA ,0.048
6013,MALAYSIA ,0.047
6016,MALAYSIA ,0.049
6017,MALAYSIA ,0.048
6019,MALAYSIA ,0.047
960,MALDIVES Proper,0.206
223,MALI Proper,0.113
22322,MALI ,0.09
22360,MALI ,0.204
22361,MALI ,0.204
22362,MALI ,0.204
22363,MALI ,0.204
22364,MALI ,0.204
22365,MALI ,0.118
22366,MALI ,0.118
22367,MALI ,0.118
22368,MALI ,0.118
22369,MALI ,0.118
22390,MALI ,0.204
22391,MALI ,0.204
22392,MALI ,0.204
22393,MALI ,0.204
22394,MALI ,0.204
356,MALTA Proper,0.124
35679,MALTA ,0.247
35699,MALTA ,0.247
692,MARSHALL ISLANDS Proper,0.293
596,MARTINIQUE Proper,0.283
222,MAURITANIA Proper,0.206
230,MAURITIUS Proper,0.092
23025,MAURITIUS Mobile,0.108
23049,MAURITIUS ,0.108
23073,MAURITIUS ,0.108
23075,MAURITIUS Mobile,0.108
23076,MAURITIUS ,0.108
23077,MAURITIUS ,0.108
230421,MAURITIUS Mobile,0.108
230422,MAURITIUS ,0.108
230423,MAURITIUS Mobile,0.108
230720,MAURITIUS ,0.108
230721,MAURITIUS ,0.108
230729,MAURITIUS ,0.108
52,MEXICO Proper,0.09
5233,MEXICO Guadalajara,0.022
5255,MEXICO Mobile,0.022
5281,MEXICO Monterrey,0.018
52222,MEXICO ,0.022
52228,MEXICO ,0.04
52229,MEXICO ,0.04
52231,MEXICO ,0.04
52232,MEXICO ,0.04
52238,MEXICO ,0.04
52241,MEXICO ,0.04
52243,MEXICO ,0.04
52244,MEXICO ,0.04
52246,MEXICO ,0.04
52271,MEXICO ,0.04
52272,MEXICO ,0.04
52284,MEXICO ,0.04
52287,MEXICO ,0.04
52288,MEXICO ,0.04
52294,MEXICO ,0.04
52311,MEXICO ,0.04
52312,MEXICO ,0.04
52313,MEXICO ,0.04
52314,MEXICO ,0.04
52317,MEXICO ,0.04
52322,MEXICO ,0.04
52323,MEXICO ,0.04
52324,MEXICO ,0.04
52325,MEXICO ,0.04
52341,MEXICO ,0.04
52351,MEXICO ,0.04
52352,MEXICO ,0.04
52353,MEXICO ,0.04
52354,MEXICO ,0.04
52356,MEXICO ,0.04
52374,MEXICO ,0.04
52378,MEXICO ,0.04
52381,MEXICO ,0.04
52384,MEXICO ,0.04
52389,MEXICO ,0.04
52392,MEXICO ,0.04
52393,MEXICO ,0.04
52411,MEXICO ,0.083
52415,MEXICO ,0.04
52427,MEXICO ,0.04
52434,MEXICO ,0.04
52435,MEXICO ,0.04
52436,MEXICO ,0.04
52438,MEXICO ,0.04
52442,MEXICO ,0.04
52443,MEXICO ,0.04
52444,MEXICO ,0.04
52445,MEXICO ,0.04
52449,MEXICO ,0.04
52451,MEXICO ,0.04
52452,MEXICO ,0.04
52453,MEXICO ,0.04
52461,MEXICO ,0.04
52462,MEXICO ,0.04
52463,MEXICO ,0.04
52464,MEXICO ,0.04
52466,MEXICO ,0.04
52468,MEXICO ,0.04
52469,MEXICO ,0.04
52472,MEXICO ,0.04
52473,MEXICO ,0.04
52474,MEXICO ,0.04
52475,MEXICO ,0.04
52477,MEXICO ,0.028
52481,MEXICO ,0.04
52487,MEXICO ,0.04
52488,MEXICO ,0.04
52492,MEXICO ,0.04
52493,MEXICO ,0.04
52494,MEXICO ,0.04
52498,MEXICO ,0.04
52591,MEXICO ,0.04
52595,MEXICO ,0.04
52597,MEXICO ,0.04
52612,MEXICO ,0.04
52613,MEXICO ,0.04
52614,MEXICO ,0.04
52615,MEXICO ,0.041
52616,MEXICO ,0.041
52618,MEXICO On Net,0.04
52622,MEXICO ,0.04
52623,MEXICO ,0.04
52624,MEXICO ,0.04
52625,MEXICO ,0.04
52626,MEXICO ,0.04
52627,MEXICO ,0.04
52631,MEXICO ,0.04
52632,MEXICO ,0.04
52633,MEXICO ,0.04
52634,MEXICO ,0.04
52636,MEXICO ,0.04
52637,MEXICO ,0.04
52638,MEXICO ,0.041
52639,MEXICO ,0.04
52641,MEXICO ,0.04
52642,MEXICO ,0.04
52644,MEXICO ,0.04
52645,MEXICO ,0.04
52646,MEXICO ,0.04
52647,MEXICO ,0.04
52648,MEXICO ,0.04
52653,MEXICO ,0.04
52656,MEXICO ,0.04
52661,MEXICO ,0.04
52662,MEXICO ,0.04
52664,MEXICO ,0.04
52665,MEXICO ,0.04
52667,MEXICO On Net,0.04
52668,MEXICO ,0.04
52669,MEXICO ,0.04
52673,MEXICO ,0.04
52674,MEXICO ,0.04
52676,MEXICO ,0.04
52686,MEXICO ,0.04
52687,MEXICO ,0.04
52712,MEXICO ,0.04
52713,MEXICO ,0.04
52714,MEXICO ,0.04
52715,MEXICO ,0.04
52721,MEXICO ,0.04
52722,MEXICO ,0.027
52726,MEXICO ,0.04
52727,MEXICO ,0.04
52728,MEXICO ,0.04
52732,MEXICO ,0.04
52733,MEXICO ,0.04
52734,MEXICO ,0.04
52735,MEXICO ,0.04
52736,MEXICO ,0.04
52741,MEXICO ,0.04
52742,MEXICO ,0.04
52744,MEXICO ,0.04
52747,MEXICO ,0.04
52753,MEXICO ,0.04
52754,MEXICO ,0.04
52755,MEXICO ,0.04
52756,MEXICO ,0.04
52757,MEXICO ,0.04
52758,MEXICO ,0.04
52762,MEXICO ,0.04
52767,MEXICO ,0.04
52771,MEXICO ,0.04
52772,MEXICO ,0.04
52773,MEXICO ,0.04
52775,MEXICO ,0.04
52777,MEXICO ,0.04
52779,MEXICO ,0.04
52782,MEXICO ,0.04
52783,MEXICO ,0.04
52786,MEXICO ,0.04
52791,MEXICO ,0.04
52821,MEXICO ,0.04
52823,MEXICO ,0.04
52826,MEXICO ,0.04
52828,MEXICO ,0.04
52829,MEXICO ,0.04
52831,MEXICO ,0.04
52833,MEXICO On Net,0.04
52834,MEXICO ,0.04
52836,MEXICO ,0.04
52841,MEXICO ,0.04
52842,MEXICO ,0.04
52844,MEXICO ,0.04
52861,MEXICO ,0.04
52862,MEXICO ,0.04
52866,MEXICO ,0.04
52867,MEXICO ,0.04
52868,MEXICO ,0.04
52871,MEXICO ,0.04
52877,MEXICO ,0.04
52878,MEXICO ,0.04
52891,MEXICO ,0.04
52892,MEXICO ,0.041
52899,MEXICO ,0.04
52916,MEXICO ,0.041
52917,MEXICO ,0.04
52921,MEXICO ,0.04
52922,MEXICO ,0.04
52938,MEXICO ,0.04
52951,MEXICO ,0.04
52953,MEXICO ,0.082
52958,MEXICO ,0.04
52961,MEXICO ,0.04
52962,MEXICO ,0.04
52965,MEXICO ,0.04
52967,MEXICO ,0.04
52968,MEXICO ,0.041
52971,MEXICO ,0.04
52981,MEXICO ,0.04
52983,MEXICO ,0.04
52984,MEXICO ,0.084
52986,MEXICO ,0.04
52987,MEXICO ,0.041
52993,MEXICO ,0.04
52997,MEXICO ,0.04
52998,MEXICO ,0.04
52999,MEXICO ,0.04
691,MICRONESIA FEDERATED STATES OF,0.246
69197,MICRONESIA FEDERATED STATES OF,0.207
373,MOLDOVA REPUBLIC OF,0.124
3735,MOLDOVA REPUBLIC OF,0.104
37369,MOLDOVA REPUBLIC OF,0.169
37379,MOLDOVA REPUBLIC OF,0.169
377,MONACO Proper,0.066
3774,MONACO Mobile,0.105
3776,MONACO Mobile,0.105
37744,MONACO ,0.186
37745,MONACO ,0.186
37747,MONACO ,0.186
976,MONGOLIA Proper,0.047
1664,MONTSERRAT Proper,0.213
212,MOROCCO Proper,0.22
2126,MOROCCO Mobile,0.242
21222,MOROCCO Casablanca,0.15
21255,MOROCCO ,0.149
21260,MOROCCO ,0.216
21263,MOROCCO ,0.216
21264,MOROCCO ,0.216
21265,MOROCCO ,0.216
21269,MOROCCO ,0.216
258,MOZAMBIQUE Proper,0.139
95,MYANMAR Proper,0.263
264,NAMIBIA Proper,0.173
264812,NAMIBIA ,0.197
264813,NAMIBIA ,0.197
2648111,NAMIBIA ,0.197
2648112,NAMIBIA ,0.197
2648150,NAMIBIA ,0.197
674,NAURU Proper,0.703
977,NEPAL Proper,0.213
9771,NEPAL Katmandu,0.196
97798,NEPAL ,0.213
31,NETHERLANDS Proper,0.022
3161,NETHERLANDS Mobile,0.211
3162,NETHERLANDS Mobile,0.211
3164,NETHERLANDS Mobile,0.211
3165,NETHERLANDS ,0.211
31630,NETHERLANDS ,0.211
31633,NETHERLANDS ,0.211
31638,NETHERLANDS ,0.211
31665,NETHERLANDS ,0.211
599,NETHERLANDS ANTILLES Proper,0.133
59931,NETHERLANDS ANTILLES ,0.121
59941,NETHERLANDS ANTILLES ,0.121
59952,NETHERLANDS ANTILLES Mobile,0.121
59954,NETHERLANDS ANTILLES ,0.098
59955,NETHERLANDS ANTILLES Mobile,0.147
59978,NETHERLANDS ANTILLES Mobile,0.147
59979,NETHERLANDS ANTILLES Mobile,0.147
59995,NETHERLANDS ANTILLES Mobile,0.121
59996,NETHERLANDS ANTILLES Mobile,0.147
687,NEW CALEDONIA Proper,0.258
64,NEW ZEALAND Proper,0.029
6420,NEW ZEALAND Mobile,0.221
6421,NEW ZEALAND Mobile,0.221
6425,NEW ZEALAND Mobile,0.221
6426,NEW ZEALAND Mobile,0.221
6427,NEW ZEALAND Mobile,0.221
6429,NEW ZEALAND Mobile,0.221
505,NICARAGUA Proper,0.169
5057,NICARAGUA ,0.178
5058,NICARAGUA Mobile,0.178
50514,NICARAGUA ,0.178
50550,NICARAGUA Mobile,0.178
50562,NICARAGUA ,0.188
50583,NICARAGUA Mobile,0.181
50586,NICARAGUA Mobile,0.181
50587,NICARAGUA ,0.181
50588,NICARAGUA Mobile,0.181
50589,NICARAGUA ,0.181
505600,NICARAGUA ,0.178
505601,NICARAGUA ,0.178
505602,NICARAGUA ,0.178
505603,NICARAGUA ,0.178
505604,NICARAGUA ,0.178
505605,NICARAGUA ,0.178
505606,NICARAGUA ,0.178
505607,NICARAGUA ,0.178
505608,NICARAGUA ,0.178
505610,NICARAGUA ,0.178
505611,NICARAGUA ,0.178
505613,NICARAGUA ,0.178
505614,NICARAGUA ,0.178
505615,NICARAGUA ,0.178
505616,NICARAGUA ,0.178
505617,NICARAGUA ,0.178
505618,NICARAGUA ,0.178
505619,NICARAGUA ,0.178
505772,NICARAGUA ,0.178
505774,NICARAGUA ,0.178
505775,NICARAGUA ,0.178
505776,NICARAGUA ,0.178
505777,NICARAGUA ,0.178
505778,NICARAGUA ,0.178
505779,NICARAGUA ,0.178
505805,NICARAGUA ,0.178
505806,NICARAGUA ,0.178
505807,NICARAGUA ,0.178
505810,NICARAGUA ,0.178
505811,NICARAGUA ,0.178
505812,NICARAGUA ,0.178
505813,NICARAGUA ,0.178
505820,NICARAGUA ,0.178
505821,NICARAGUA ,0.178
505823,NICARAGUA ,0.178
505824,NICARAGUA ,0.178
505825,NICARAGUA ,0.178
505826,NICARAGUA ,0.178
505840,NICARAGUA ,0.178
505841,NICARAGUA ,0.178
505843,NICARAGUA ,0.178
505844,NICARAGUA ,0.178
505845,NICARAGUA ,0.178
505846,NICARAGUA ,0.178
505847,NICARAGUA ,0.178
505848,NICARAGUA ,0.178
505850,NICARAGUA ,0.181
505851,NICARAGUA ,0.181
505852,NICARAGUA ,0.181
505853,NICARAGUA ,0.181
505854,NICARAGUA ,0.181
505855,NICARAGUA ,0.181
505856,NICARAGUA ,0.181
227,NIGER Proper,0.123
234,NIGERIA Proper,0.089
2341,NIGERIA Lagos,0.043
23490,NIGERIA Mobile,0.171
234802,NIGERIA ,0.163
234803,NIGERIA ,0.171
234804,NIGERIA ,0.171
234805,NIGERIA ,0.171
2341470,NIGERIA Mobile,0.067
2341471,NIGERIA ,0.043
2341773,NIGERIA ,0.043
2341774,NIGERIA Mobile,0.043
2341775,NIGERIA Mobile,0.043
2341776,NIGERIA ,0.043
683,NIUE Proper,0.746
6832,NIUE Mobile,0.394
6835,NIUE Mobile,0.394
6836,NIUE Mobile,0.394
6837,NIUE Mobile,0.394
6838,NIUE Mobile,0.394
6839,NIUE Mobile,0.394
47,NORWAY Proper,0.022
474,NORWAY Mobile,0.17
479,NORWAY Mobile,0.17
968,OMAN Proper,0.155
92,PAKISTAN Proper,0.085
9221,PAKISTAN Karachi,0.085
9242,PAKISTAN Lahore,0.085
9251,PAKISTAN Islamabad,0.085
9258,PAKISTAN ,0.085
92300,PAKISTAN ,0.085
92303,PAKISTAN ,0.085
92320,PAKISTAN ,0.085
92333,PAKISTAN ,0.085
680,PALAU Proper,0.338
970,PALESTINIAN TERRITORY OCCUPIED,0.233
97059,PALESTINIAN TERRITORY OCCUPIED,0.233
507,PANAMA Proper,0.069
5072,PANAMA Panama City,0.022
5075,PANAMA ,0.106
5076,PANAMA Mobile,0.11
675,PAPUA NEW GUINEA Proper,0.583
595,PARAGUAY Proper,0.127
5959,PARAGUAY Mobile,0.114
59521,PARAGUAY Asuncion,0.076
595971,PARAGUAY Mobile,0.114
595973,PARAGUAY ,0.114
595975,PARAGUAY Mobile,0.114
595981,PARAGUAY Mobile,0.113
595983,PARAGUAY Mobile,0.113
595985,PARAGUAY Mobile,0.113
595991,PARAGUAY ,0.114
595993,PARAGUAY ,0.114
595995,PARAGUAY ,0.114
51,PERU Proper,0.066
5112,PERU ,0.027
5113,PERU ,0.027
5114,PERU ,0.027
5115,PERU ,0.027
5116,PERU ,0.027
5119,PERU Mobile,0.203
51429,PERU ,0.203
51439,PERU ,0.203
51449,PERU Mobile,0.203
51519,PERU ,0.203
51529,PERU ,0.203
51539,PERU ,0.203
51549,PERU Mobile,0.203
51569,PERU ,0.203
51619,PERU ,0.203
51629,PERU ,0.203
51639,PERU ,0.203
51649,PERU Mobile,0.203
51659,PERU ,0.203
51669,PERU ,0.203
51679,PERU ,0.203
51729,PERU ,0.203
51739,PERU ,0.203
51749,PERU Mobile,0.203
51769,PERU ,0.203
51829,PERU ,0.203
51839,PERU ,0.203
51849,PERU Mobile,0.203
511950,PERU ,0.158
511951,PERU ,0.158
511963,PERU ,0.183
511964,PERU ,0.183
511966,PERU ,0.183
511967,PERU ,0.183
511980,PERU ,0.183
511984,PERU ,0.183
511985,PERU ,0.158
511986,PERU ,0.183
511987,PERU ,0.183
511988,PERU ,0.183
511989,PERU ,0.183
511990,PERU ,0.183
511991,PERU ,0.158
511992,PERU ,0.158
511993,PERU ,0.158
511994,PERU ,0.158
511995,PERU ,0.158
511996,PERU ,0.183
511997,PERU ,0.183
511998,PERU ,0.183
511999,PERU ,0.183
5141998,PERU ,0.197
5141999,PERU ,0.197
5142962,PERU ,0.197
5142968,PERU ,0.197
5142969,PERU ,0.197
5142998,PERU ,0.197
5143948,PERU ,0.197
5143960,PERU ,0.197
5143961,PERU ,0.197
5143962,PERU ,0.197
5143963,PERU ,0.197
5143964,PERU ,0.197
5143967,PERU ,0.197
5143968,PERU ,0.197
5143969,PERU ,0.197
5143978,PERU ,0.197
5143986,PERU ,0.197
5143997,PERU ,0.197
5143998,PERU ,0.197
5144948,PERU ,0.197
5144949,PERU ,0.197
5144960,PERU ,0.197
5144963,PERU ,0.197
5144964,PERU ,0.197
5144965,PERU ,0.197
5144966,PERU ,0.197
5144967,PERU ,0.197
5144968,PERU ,0.197
5144969,PERU ,0.197
5144978,PERU ,0.197
5144986,PERU ,0.197
5144996,PERU ,0.197
5144997,PERU ,0.197
5144998,PERU ,0.197
5144999,PERU ,0.197
5151952,PERU ,0.197
5151962,PERU ,0.197
5151963,PERU ,0.197
5151966,PERU ,0.197
5151967,PERU ,0.197
5151968,PERU ,0.197
5151982,PERU ,0.197
5151996,PERU ,0.197
5151998,PERU ,0.197
5152929,PERU ,0.197
5152952,PERU ,0.197
5152963,PERU ,0.197
5152964,PERU ,0.197
5152965,PERU ,0.197
5152966,PERU ,0.197
5152967,PERU ,0.197
5152968,PERU ,0.197
5152996,PERU ,0.197
5152997,PERU ,0.197
5152998,PERU ,0.197
5152999,PERU ,0.197
5153952,PERU ,0.197
5153961,PERU ,0.197
5153963,PERU ,0.197
5153964,PERU ,0.197
5153965,PERU ,0.197
5153966,PERU ,0.197
5153967,PERU ,0.197
5153968,PERU ,0.197
5153996,PERU ,0.197
5153998,PERU ,0.197
5154929,PERU ,0.197
5154952,PERU ,0.197
5154960,PERU ,0.197
5154961,PERU ,0.197
5154962,PERU ,0.197
5154963,PERU ,0.197
5154965,PERU ,0.197
5154966,PERU ,0.197
5154967,PERU ,0.197
5154969,PERU ,0.197
5154982,PERU ,0.197
5154996,PERU ,0.197
5154997,PERU ,0.197
5154998,PERU ,0.197
5154999,PERU ,0.197
5156960,PERU ,0.197
5156961,PERU ,0.197
5156962,PERU ,0.197
5156966,PERU ,0.197
5156967,PERU ,0.197
5156968,PERU ,0.197
5156969,PERU ,0.197
5156998,PERU ,0.197
5156999,PERU ,0.197
5161961,PERU ,0.197
5161962,PERU ,0.197
5161963,PERU ,0.197
5161990,PERU ,0.197
5161998,PERU ,0.197
5162960,PERU ,0.197
5162962,PERU ,0.197
5162965,PERU ,0.197
5162966,PERU ,0.197
5162967,PERU ,0.197
5162968,PERU ,0.197
5162969,PERU ,0.197
5162991,PERU ,0.197
5162998,PERU ,0.197
5163960,PERU ,0.197
5163961,PERU ,0.197
5163965,PERU ,0.197
5163969,PERU ,0.197
5163991,PERU ,0.197
5163998,PERU ,0.197
5164960,PERU ,0.197
5164962,PERU ,0.197
5164963,PERU ,0.197
5164964,PERU ,0.197
5164965,PERU ,0.197
5164966,PERU ,0.197
5164967,PERU ,0.197
5164968,PERU ,0.197
5164969,PERU ,0.197
5164991,PERU ,0.197
5164998,PERU ,0.197
5165961,PERU ,0.197
5165967,PERU ,0.197
5165998,PERU ,0.197
5166960,PERU ,0.197
5166964,PERU ,0.197
5166965,PERU ,0.197
5166967,PERU ,0.197
5166968,PERU ,0.197
5166990,PERU ,0.197
5166998,PERU ,0.197
5167965,PERU ,0.197
5167969,PERU ,0.197
5167998,PERU ,0.197
5172960,PERU ,0.197
5172961,PERU ,0.197
5172962,PERU ,0.197
5172968,PERU ,0.197
5172969,PERU ,0.197
5172991,PERU ,0.197
5172996,PERU ,0.197
5172998,PERU ,0.197
5173929,PERU ,0.197
5173960,PERU ,0.197
5173961,PERU ,0.197
5173962,PERU ,0.197
5173963,PERU ,0.197
5173964,PERU ,0.197
5173967,PERU ,0.197
5173968,PERU ,0.197
5173969,PERU ,0.197
5173991,PERU ,0.197
5173996,PERU ,0.197
5173997,PERU ,0.197
5173998,PERU ,0.197
5173999,PERU ,0.197
5174929,PERU ,0.197
5174961,PERU ,0.197
5174963,PERU ,0.197
5174965,PERU ,0.197
5174966,PERU ,0.197
5174968,PERU ,0.197
5174990,PERU ,0.197
5174991,PERU ,0.197
5174997,PERU ,0.197
5174998,PERU ,0.197
5174999,PERU ,0.197
5176948,PERU ,0.197
5176949,PERU ,0.197
5176963,PERU ,0.197
5176968,PERU ,0.197
5176969,PERU ,0.197
5176996,PERU ,0.197
5176997,PERU ,0.197
5176998,PERU ,0.197
5176999,PERU ,0.197
5182960,PERU ,0.197
5182961,PERU ,0.197
5182968,PERU ,0.197
5182998,PERU ,0.197
5183961,PERU ,0.197
5183968,PERU ,0.197
5183998,PERU ,0.197
5184961,PERU ,0.197
5184962,PERU ,0.197
5184963,PERU ,0.197
5184965,PERU ,0.197
5184968,PERU ,0.197
5184969,PERU ,0.197
5184998,PERU ,0.197
63,PHILIPPINES Proper,0.124
632,PHILIPPINES Manila,0.123
639,PHILIPPINES Mobile,0.137
6398,PHILIPPINES Mobile,0.136
63910,PHILIPPINES ,0.136
63912,PHILIPPINES Mobile,0.136
63915,PHILIPPINES Mobile,0.136
63916,PHILIPPINES Mobile,0.136
63917,PHILIPPINES Mobile,0.136
63918,PHILIPPINES Mobile,0.136
63919,PHILIPPINES Mobile,0.136
63920,PHILIPPINES ,0.136
63921,PHILIPPINES ,0.136
63926,PHILIPPINES ,0.136
63927,PHILIPPINES ,0.136
48,POLAND Proper,0.029
4822,POLAND Warsaw,0.018
4850,POLAND Mobile,0.118
4851,POLAND ,0.201
4860,POLAND Mobile,0.201
4866,POLAND ,0.201
4869,POLAND Mobile,0.201
4888,POLAND ,0.201
4890,POLAND Mobile,0.106
351,PORTUGAL Proper,0.022
3519,PORTUGAL Mobile,0.208
35121,PORTUGAL Lisbon,0.018
35122,PORTUGAL ,0.018
35191,PORTUGAL ,0.179
35193,PORTUGAL ,0.178
35196,PORTUGAL ,0.171
1787,PUERTO RICO Proper,0.029
1939,PUERTO RICO Proper,0.029
974,QATAR Proper,0.234
9745,QATAR ,0.243
97421,QATAR Mobile,0.243
97422,QATAR Mobile,0.243
97428,QATAR Mobile,0.243
262,REUNION Proper,0.133
262692,REUNION Mobile,0.233
40,ROMANIA Proper,0.088
4021,ROMANIA Bucharest,0.076
4072,ROMANIA ,0.226
4074,ROMANIA ,0.226
4076,ROMANIA ,0.226
4078,ROMANIA ,0.226
7,RUSSIAN FEDERATION Proper,0.049
7095,RUSSIAN FEDERATION Moscow,0.016
7300,RUSSIAN FEDERATION Kazakhstan,0.143
7310,RUSSIAN FEDERATION ,0.125
7311,RUSSIAN FEDERATION ,0.125
7312,RUSSIAN FEDERATION ,0.1
7313,RUSSIAN FEDERATION ,0.1
7314,RUSSIAN FEDERATION ,0.1
7315,RUSSIAN FEDERATION ,0.1
7316,RUSSIAN FEDERATION ,0.125
7317,RUSSIAN FEDERATION ,0.1
7318,RUSSIAN FEDERATION ,0.1
7321,RUSSIAN FEDERATION ,0.1
7322,RUSSIAN FEDERATION ,0.125
7323,RUSSIAN FEDERATION ,0.1
7324,RUSSIAN FEDERATION ,0.1
7325,RUSSIAN FEDERATION ,0.1
7326,RUSSIAN FEDERATION ,0.1
7327,RUSSIAN FEDERATION Kazakhstan,0.1
7328,RUSSIAN FEDERATION ,0.125
7329,RUSSIAN FEDERATION ,0.125
7333,RUSSIAN FEDERATION Kazakhstan - Mobile,0.143
7477,RUSSIAN FEDERATION ,0.045
7478,RUSSIAN FEDERATION ,0.045
7498,RUSSIAN FEDERATION ,0.022
7499,RUSSIAN FEDERATION ,0.016
7501,RUSSIAN FEDERATION ,0.062
7502,RUSSIAN FEDERATION ,0.062
7503,RUSSIAN FEDERATION ,0.062
7504,RUSSIAN FEDERATION ,0.062
7505,RUSSIAN FEDERATION ,0.062
7509,RUSSIAN FEDERATION ,0.045
7510,RUSSIAN FEDERATION ,0.045
7511,RUSSIAN FEDERATION ,0.045
7512,RUSSIAN FEDERATION ,0.045
7513,RUSSIAN FEDERATION ,0.045
7517,RUSSIAN FEDERATION ,0.045
7543,RUSSIAN FEDERATION ,0.045
7700,RUSSIAN FEDERATION ,0.143
7813,RUSSIAN FEDERATION ,0.035
7901,RUSSIAN FEDERATION Mobile,0.061
7902,RUSSIAN FEDERATION Mobile,0.061
7903,RUSSIAN FEDERATION Mobile,0.061
7904,RUSSIAN FEDERATION ,0.061
7905,RUSSIAN FEDERATION ,0.061
7910,RUSSIAN FEDERATION ,0.061
7911,RUSSIAN FEDERATION ,0.061
7912,RUSSIAN FEDERATION ,0.061
7913,RUSSIAN FEDERATION ,0.061
7914,RUSSIAN FEDERATION ,0.061
7916,RUSSIAN FEDERATION ,0.061
7917,RUSSIAN FEDERATION ,0.061
7918,RUSSIAN FEDERATION ,0.061
7920,RUSSIAN FEDERATION ,0.061
7921,RUSSIAN FEDERATION ,0.061
7922,RUSSIAN FEDERATION ,0.061
7923,RUSSIAN FEDERATION Mobile,0.061
7924,RUSSIAN FEDERATION Mobile,0.061
7926,RUSSIAN FEDERATION ,0.061
7927,RUSSIAN FEDERATION ,0.061
7928,RUSSIAN FEDERATION ,0.061
7954,RUSSIAN FEDERATION ,0.053
70971,RUSSIAN FEDERATION ,0.045
70976,RUSSIAN FEDERATION ,0.045
73272,RUSSIAN FEDERATION ,0.078
78120,RUSSIAN FEDERATION ,0.016
78121,RUSSIAN FEDERATION ,0.016
78122,RUSSIAN FEDERATION ,0.016
78123,RUSSIAN FEDERATION ,0.016
78124,RUSSIAN FEDERATION ,0.016
78125,RUSSIAN FEDERATION ,0.016
78129,RUSSIAN FEDERATION ,0.016
734348,RUSSIAN FEDERATION ,0.061
250,RWANDA Proper,0.123
1869,SAINT KITTS AND NEVIS Proper,0.182
1758,SAINT LUCIA Proper,0.203
1784,SAINT VINCENT AND THE GRENADINES Proper,0.197
685,SAMOA Proper,0.328
378,SAN MARINO Proper,0.041
239,SAO TOME AND PRINCIPE Proper,0.927
966,SAUDI ARABIA Proper,0.148
9663,SAUDI ARABIA Dharan,0.117
96612,SAUDI ARABIA ,0.043
96614,SAUDI ARABIA ,0.043
96622,SAUDI ARABIA ,0.069
96624,SAUDI ARABIA ,0.069
96625,SAUDI ARABIA ,0.075
96626,SAUDI ARABIA ,0.068
96650,SAUDI ARABIA ,0.178
221,SENEGAL Proper,0.158
2215,SENEGAL Mobile,0.188
2216,SENEGAL Mobile,0.188
2218,SENEGAL Dakar,0.133
381,SERBIA AND MONTENEGRO Proper,0.101
3818,SERBIA AND MONTENEGRO ,0.112
38111,SERBIA AND MONTENEGRO Belgrade,0.072
38161,SERBIA AND MONTENEGRO ,0.221
38162,SERBIA AND MONTENEGRO ,0.221
38163,SERBIA AND MONTENEGRO ,0.221
38164,SERBIA AND MONTENEGRO ,0.221
38165,SERBIA AND MONTENEGRO ,0.221
38166,SERBIA AND MONTENEGRO ,0.221
38167,SERBIA AND MONTENEGRO ,0.241
38169,SERBIA AND MONTENEGRO ,0.241
248,SEYCHELLES Proper,0.138
232,SIERRA LEONE Proper,0.188
23222,SIERRA LEONE ,0.097
23223,SIERRA LEONE Mobile,0.16
23230,SIERRA LEONE ,0.16
23276,SIERRA LEONE ,0.16
65,SINGAPORE Proper,0.018
659,SINGAPORE Mobile,0.016
421,SLOVAKIA (Slovak Republic) Proper,0.085
421901,SLOVAKIA (Slovak Republic) Mobile,0.163
421902,SLOVAKIA (Slovak Republic) Mobile,0.163
421903,SLOVAKIA (Slovak Republic) Mobile,0.163
421904,SLOVAKIA (Slovak Republic) Mobile,0.163
421905,SLOVAKIA (Slovak Republic) Mobile,0.165
421906,SLOVAKIA (Slovak Republic) Mobile,0.165
421907,SLOVAKIA (Slovak Republic) Mobile,0.165
421908,SLOVAKIA (Slovak Republic) Mobile,0.165
421909,SLOVAKIA (Slovak Republic) Mobile,0.162
421915,SLOVAKIA (Slovak Republic) ,0.165
386,SLOVENIA Proper,0.065
38630,SLOVENIA Mobile,0.222
38631,SLOVENIA Mobile,0.222
38640,SLOVENIA Mobile,0.222
38641,SLOVENIA Mobile,0.222
38650,SLOVENIA Mobile,0.222
38651,SLOVENIA Mobile,0.222
38670,SLOVENIA ,0.222
677,SOLOMON ISLANDS Proper,0.711
6771,SOLOMON ISLANDS Mobile,0.753
6773,SOLOMON ISLANDS ,0.737
6776,SOLOMON ISLANDS ,0.737
6778,SOLOMON ISLANDS Mobile,0.753
6779,SOLOMON ISLANDS Mobile,0.753
252,SOMALIA Proper,0.453
27,SOUTH AFRICA Proper,0.063
2711,SOUTH AFRICA Johannesburg,0.063
2721,SOUTH AFRICA Capetown,0.063
2772,SOUTH AFRICA Mobile,0.158
2773,SOUTH AFRICA Mobile,0.158
2782,SOUTH AFRICA Mobile,0.158
2783,SOUTH AFRICA Mobile,0.158
2784,SOUTH AFRICA Mobile,0.158
34,SPAIN Proper,0.018
346,SPAIN Mobile,0.183
3491,SPAIN Madrid,0.016
34600,SPAIN ,0.166
34605,SPAIN ,0.163
34606,SPAIN ,0.157
34607,SPAIN ,0.166
34608,SPAIN ,0.157
34609,SPAIN ,0.157
34610,SPAIN ,0.166
34615,SPAIN ,0.163
34616,SPAIN ,0.157
34617,SPAIN ,0.166
34618,SPAIN ,0.157
34619,SPAIN ,0.157
34620,SPAIN ,0.157
34622,SPAIN ,0.15
34625,SPAIN ,0.163
34626,SPAIN ,0.157
34627,SPAIN ,0.166
34628,SPAIN ,0.157
34629,SPAIN ,0.157
34630,SPAIN ,0.157
34635,SPAIN ,0.163
34636,SPAIN ,0.157
34637,SPAIN ,0.166
34638,SPAIN ,0.157
34639,SPAIN ,0.157
34645,SPAIN ,0.163
34646,SPAIN ,0.157
34647,SPAIN ,0.166
34649,SPAIN ,0.157
34650,SPAIN ,0.157
34651,SPAIN ,0.163
34652,SPAIN ,0.163
34653,SPAIN ,0.163
34654,SPAIN ,0.163
34655,SPAIN ,0.163
34656,SPAIN ,0.163
34657,SPAIN ,0.163
34658,SPAIN ,0.163
34659,SPAIN ,0.157
34660,SPAIN ,0.157
34661,SPAIN ,0.166
34662,SPAIN ,0.166
34665,SPAIN ,0.163
34666,SPAIN ,0.166
34667,SPAIN ,0.166
34669,SPAIN ,0.157
34670,SPAIN ,0.166
34675,SPAIN ,0.163
34676,SPAIN ,0.157
34677,SPAIN ,0.166
34678,SPAIN ,0.166
34679,SPAIN ,0.157
34680,SPAIN ,0.157
34685,SPAIN ,0.163
34686,SPAIN ,0.157
34687,SPAIN ,0.166
34689,SPAIN ,0.157
34690,SPAIN ,0.157
34696,SPAIN ,0.157
34697,SPAIN ,0.166
34699,SPAIN ,0.157
34956,SPAIN ,0.016
34971,SPAIN Bealrics,0.016
94,SRI LANKA Proper,0.105
9471,SRI LANKA Mobile - Mobitel,0.115
9472,SRI LANKA Mobile - Celltel,0.115
9473,SRI LANKA Mobile,0.111
9475,SRI LANKA Mobile,0.111
9476,SRI LANKA Mobile,0.111
9477,SRI LANKA Mobile - Dialog,0.115
9478,SRI LANKA Mobile - Hutch,0.115
9479,SRI LANKA ,0.111
290,ST. HELENA Proper,0.583
508,ST. PIERRE AND MIQUELON Proper,0.182
249,SUDAN Proper,0.149
597,SURINAME Proper,0.198
5978,SURINAME Mobile,0.192
268,SWAZILAND Proper,0.147
46,SWEDEN Proper,0.018
4610,SWEDEN Mobile,0.137
4670,SWEDEN Mobile,0.196
4673,SWEDEN Mobile,0.196
4676,SWEDEN Mobile,0.196
46252,SWEDEN ,0.185
46518,SWEDEN ,0.137
46519,SWEDEN ,0.137
46673,SWEDEN ,0.137
46674,SWEDEN ,0.185
41,SWITZERLAND Proper,0.027
411,SWITZERLAND Zurich,0.022
4122,SWITZERLAND Geneva,0.026
4143,SWITZERLAND Zurich,0.022
4144,SWITZERLAND Zurich,0.022
4176,SWITZERLAND Mobile,0.237
4177,SWITZERLAND Mobile,0.233
4178,SWITZERLAND Mobile,0.238
4179,SWITZERLAND Mobile,0.243
963,SYRIAN ARAB REPUBLIC Proper,0.216
96392,SYRIAN ARAB REPUBLIC ,0.216
96393,SYRIAN ARAB REPUBLIC Mobile,0.216
96394,SYRIAN ARAB REPUBLIC Mobile,0.216
96395,SYRIAN ARAB REPUBLIC ,0.216
886,TAIWAN PROVINCE OF CHINA,0.022
8862,TAIWAN PROVINCE OF CHINA,0.022
8869,TAIWAN PROVINCE OF CHINA,0.077
992,TAJIKISTAN Proper,0.134
255,TANZANIA UNITED REPUBLIC OF,0.175
2557,TANZANIA UNITED REPUBLIC OF,0.181
25522,TANZANIA UNITED REPUBLIC OF,0.124
66,THAILAND Proper,0.034
661,THAILAND Mobile,0.036
662,THAILAND Bangkok,0.029
666,THAILAND ,0.036
669,THAILAND Mobile,0.036
6670,THAILAND ,0.036
6671,THAILAND ,0.036
6672,THAILAND ,0.036
228,TOGO Proper,0.123
2289,TOGO Mobile,0.11
228901,TOGO ,0.11
228902,TOGO ,0.11
228903,TOGO ,0.11
228904,TOGO ,0.11
228905,TOGO ,0.11
228946,TOGO ,0.089
228947,TOGO ,0.089
228948,TOGO ,0.089
228949,TOGO ,0.089
690,TOKELAU Proper,0.631
676,TONGA Proper,0.192
1868,TRINIDAD AND TOBAGO Proper,0.109
216,TUNISIA Proper,0.188
2162,TUNISIA ,0.159
2169,TUNISIA Mobile,0.193
21671,TUNISIA ,0.154
90,TURKEY Proper,0.063
905,TURKEY Mobile,0.151
90212,TURKEY Istanbul,0.038
90216,TURKEY Istanbul,0.038
90224,TURKEY Bursa,0.037
90232,TURKEY Izmir,0.037
90242,TURKEY ,0.037
90262,TURKEY ,0.062
90312,TURKEY Ankara,0.041
90322,TURKEY ,0.037
90332,TURKEY ,0.041
90392,TURKEY North,0.105
90412,TURKEY ,0.037
90462,TURKEY ,0.027
90532,TURKEY ,0.119
90533,TURKEY ,0.119
90534,TURKEY ,0.119
90535,TURKEY ,0.119
90536,TURKEY ,0.119
90537,TURKEY ,0.119
90542,TURKEY ,0.116
90543,TURKEY ,0.116
90544,TURKEY ,0.116
90545,TURKEY ,0.116
90546,TURKEY ,0.116
993,TURKMENISTAN Proper,0.133
1649,TURKS AND CAICOS ISLANDS Proper,0.149
688,TUVALU Proper,0.563
6886,TUVALU Mobile,0.363
6887,TUVALU Mobile,0.363
6888,TUVALU Mobile,0.363
256,UGANDA Proper,0.112
2567,UGANDA Mobile,0.099
25641,UGANDA Kampala,0.097
25678,UGANDA ,0.103
380,UKRAINE Proper,0.103
38039,UKRAINE ,0.129
38050,UKRAINE Mobile,0.131
38066,UKRAINE ,0.131
38067,UKRAINE Mobile,0.131
38068,UKRAINE Mobile,0.131
38097,UKRAINE ,0.131
380322,UKRAINE Lvov,0.088
380442,UKRAINE Kiev,0.09
380444,UKRAINE Kiev,0.09
380445,UKRAINE Kiev,0.09
380482,UKRAINE Odessa,0.093
380487,UKRAINE ,0.093
971,UNITED ARAB EMIRATES Proper,0.186
97150,UNITED ARAB EMIRATES Mobile,0.186
44,UNITED KINGDOM Proper,0.016
447,UNITED KINGDOM Mobile,0.164
44207,UNITED KINGDOM London,0.016
44208,UNITED KINGDOM London,0.016
44870,UNITED KINGDOM National,0.133
447060,UNITED KINGDOM ,0.148
447641,UNITED KINGDOM ,0.13
447699,UNITED KINGDOM ,0.157
447701,UNITED KINGDOM ,0.148
447702,UNITED KINGDOM ,0.148
447703,UNITED KINGDOM ,0.148
447705,UNITED KINGDOM ,0.148
447708,UNITED KINGDOM ,0.148
447709,UNITED KINGDOM ,0.148
447710,UNITED KINGDOM ,0.148
447711,UNITED KINGDOM ,0.148
447712,UNITED KINGDOM ,0.148
447713,UNITED KINGDOM ,0.148
447714,UNITED KINGDOM ,0.148
447715,UNITED KINGDOM ,0.148
447717,UNITED KINGDOM ,0.157
447718,UNITED KINGDOM ,0.148
447719,UNITED KINGDOM ,0.148
447720,UNITED KINGDOM ,0.148
447721,UNITED KINGDOM ,0.157
447729,UNITED KINGDOM ,0.148
447730,UNITED KINGDOM ,0.148
447731,UNITED KINGDOM ,0.148
447732,UNITED KINGDOM ,0.148
447733,UNITED KINGDOM ,0.157
447734,UNITED KINGDOM ,0.148
447736,UNITED KINGDOM ,0.148
447739,UNITED KINGDOM ,0.148
447740,UNITED KINGDOM ,0.148
447741,UNITED KINGDOM ,0.177
447742,UNITED KINGDOM ,0.148
447743,UNITED KINGDOM ,0.148
447745,UNITED KINGDOM ,0.148
447746,UNITED KINGDOM ,0.148
447747,UNITED KINGDOM ,0.177
447748,UNITED KINGDOM ,0.177
447749,UNITED KINGDOM ,0.148
447750,UNITED KINGDOM ,0.148
447751,UNITED KINGDOM ,0.148
447752,UNITED KINGDOM ,0.148
447753,UNITED KINGDOM ,0.148
447754,UNITED KINGDOM ,0.148
447759,UNITED KINGDOM ,0.148
447760,UNITED KINGDOM ,0.177
447761,UNITED KINGDOM ,0.148
447762,UNITED KINGDOM ,0.148
447763,UNITED KINGDOM ,0.148
447764,UNITED KINGDOM ,0.148
447765,UNITED KINGDOM ,0.177
447766,UNITED KINGDOM ,0.177
447767,UNITED KINGDOM ,0.177
447768,UNITED KINGDOM ,0.177
447769,UNITED KINGDOM ,0.177
447770,UNITED KINGDOM ,0.177
447771,UNITED KINGDOM ,0.177
447773,UNITED KINGDOM ,0.143
447774,UNITED KINGDOM ,0.177
447775,UNITED KINGDOM ,0.177
447776,UNITED KINGDOM ,0.177
447778,UNITED KINGDOM ,0.177
447779,UNITED KINGDOM ,0.143
447780,UNITED KINGDOM ,0.177
447785,UNITED KINGDOM ,0.177
447786,UNITED KINGDOM ,0.177
447787,UNITED KINGDOM ,0.177
447788,UNITED KINGDOM ,0.177
447789,UNITED KINGDOM ,0.177
447790,UNITED KINGDOM ,0.143
447791,UNITED KINGDOM ,0.143
447792,UNITED KINGDOM ,0.143
447793,UNITED KINGDOM ,0.148
447795,UNITED KINGDOM ,0.177
447796,UNITED KINGDOM ,0.177
447798,UNITED KINGDOM ,0.177
447799,UNITED KINGDOM ,0.177
447800,UNITED KINGDOM ,0.143
447801,UNITED KINGDOM ,0.148
447802,UNITED KINGDOM ,0.148
447803,UNITED KINGDOM ,0.148
447808,UNITED KINGDOM ,0.148
447809,UNITED KINGDOM ,0.148
447810,UNITED KINGDOM ,0.177
447811,UNITED KINGDOM ,0.143
447812,UNITED KINGDOM ,0.143
447813,UNITED KINGDOM ,0.143
447814,UNITED KINGDOM ,0.143
447815,UNITED KINGDOM ,0.143
447816,UNITED KINGDOM ,0.143
447817,UNITED KINGDOM ,0.143
447818,UNITED KINGDOM ,0.177
447819,UNITED KINGDOM ,0.148
447820,UNITED KINGDOM ,0.148
447831,UNITED KINGDOM ,0.177
447833,UNITED KINGDOM ,0.177
447834,UNITED KINGDOM ,0.148
447835,UNITED KINGDOM ,0.148
447836,UNITED KINGDOM ,0.177
447837,UNITED KINGDOM ,0.143
447850,UNITED KINGDOM ,0.148
447855,UNITED KINGDOM ,0.143
447860,UNITED KINGDOM ,0.148
447866,UNITED KINGDOM ,0.143
447867,UNITED KINGDOM ,0.177
447870,UNITED KINGDOM ,0.143
447876,UNITED KINGDOM ,0.177
447879,UNITED KINGDOM ,0.177
447880,UNITED KINGDOM ,0.177
447881,UNITED KINGDOM ,0.177
447884,UNITED KINGDOM ,0.177
447885,UNITED KINGDOM ,0.148
447887,UNITED KINGDOM ,0.177
447889,UNITED KINGDOM ,0.148
447890,UNITED KINGDOM ,0.143
447899,UNITED KINGDOM ,0.157
447900,UNITED KINGDOM ,0.177
447901,UNITED KINGDOM ,0.177
447903,UNITED KINGDOM ,0.164
447904,UNITED KINGDOM ,0.164
447905,UNITED KINGDOM ,0.164
447906,UNITED KINGDOM ,0.164
447908,UNITED KINGDOM ,0.164
447909,UNITED KINGDOM ,0.177
447910,UNITED KINGDOM ,0.164
447913,UNITED KINGDOM ,0.164
447914,UNITED KINGDOM ,0.164
447917,UNITED KINGDOM ,0.177
447918,UNITED KINGDOM ,0.177
447919,UNITED KINGDOM ,0.177
447920,UNITED KINGDOM ,0.177
447929,UNITED KINGDOM ,0.143
447930,UNITED KINGDOM ,0.164
447931,UNITED KINGDOM ,0.164
447932,UNITED KINGDOM ,0.164
447939,UNITED KINGDOM ,0.164
447940,UNITED KINGDOM ,0.164
447941,UNITED KINGDOM ,0.164
447944,UNITED KINGDOM ,0.164
447946,UNITED KINGDOM ,0.164
447947,UNITED KINGDOM ,0.164
447949,UNITED KINGDOM ,0.164
447950,UNITED KINGDOM ,0.164
447951,UNITED KINGDOM ,0.164
447952,UNITED KINGDOM ,0.164
447953,UNITED KINGDOM ,0.164
447956,UNITED KINGDOM ,0.164
447957,UNITED KINGDOM ,0.164
447958,UNITED KINGDOM ,0.164
447959,UNITED KINGDOM ,0.164
447960,UNITED KINGDOM ,0.164
447961,UNITED KINGDOM ,0.164
447962,UNITED KINGDOM ,0.164
447963,UNITED KINGDOM ,0.164
447966,UNITED KINGDOM ,0.143
447967,UNITED KINGDOM ,0.143
447968,UNITED KINGDOM ,0.143
447970,UNITED KINGDOM ,0.143
447971,UNITED KINGDOM ,0.143
447973,UNITED KINGDOM ,0.143
447974,UNITED KINGDOM ,0.143
447975,UNITED KINGDOM ,0.141
447977,UNITED KINGDOM ,0.143
447979,UNITED KINGDOM ,0.177
447980,UNITED KINGDOM ,0.143
447981,UNITED KINGDOM ,0.164
447984,UNITED KINGDOM ,0.164
447985,UNITED KINGDOM ,0.164
447986,UNITED KINGDOM ,0.164
447987,UNITED KINGDOM ,0.164
447989,UNITED KINGDOM ,0.143
447990,UNITED KINGDOM ,0.177
448440,UNITED KINGDOM ,0.123
4470000,UNITED KINGDOM ,0.163
4470020,UNITED KINGDOM ,0.163
4470740,UNITED KINGDOM ,0.163
4476591,UNITED KINGDOM ,0.157
4476593,UNITED KINGDOM ,0.157
4476594,UNITED KINGDOM ,0.157
4476595,UNITED KINGDOM ,0.157
4476596,UNITED KINGDOM ,0.157
4476598,UNITED KINGDOM ,0.157
4476637,UNITED KINGDOM ,0.157
4476661,UNITED KINGDOM ,0.157
4476662,UNITED KINGDOM ,0.157
4476663,UNITED KINGDOM ,0.157
4476664,UNITED KINGDOM ,0.157
4476665,UNITED KINGDOM ,0.157
4476666,UNITED KINGDOM ,0.157
4476667,UNITED KINGDOM ,0.157
4476668,UNITED KINGDOM ,0.157
1150,UNITED STATES ,0.016
1177,UNITED STATES ,0.016
1201,UNITED STATES ,0.016
1202,UNITED STATES ,0.016
1203,UNITED STATES ,0.016
1205,UNITED STATES ,0.016
1206,UNITED STATES ,0.016
1207,UNITED STATES ,0.016
1208,UNITED STATES ,0.016
1209,UNITED STATES ,0.016
1210,UNITED STATES ,0.016
1211,UNITED STATES ,0.016
1212,UNITED STATES ,0.016
1213,UNITED STATES ,0.016
1214,UNITED STATES ,0.016
1215,UNITED STATES ,0.016
1216,UNITED STATES ,0.016
1217,UNITED STATES ,0.016
1218,UNITED STATES ,0.016
1219,UNITED STATES ,0.016
1223,UNITED STATES ,0.016
1224,UNITED STATES ,0.016
1225,UNITED STATES ,0.016
1227,UNITED STATES ,0.016
1228,UNITED STATES ,0.016
1229,UNITED STATES ,0.016
1231,UNITED STATES ,0.016
1234,UNITED STATES ,0.016
1239,UNITED STATES ,0.016
1240,UNITED STATES ,0.016
1248,UNITED STATES ,0.016
1251,UNITED STATES ,0.016
1252,UNITED STATES ,0.016
1253,UNITED STATES ,0.016
1254,UNITED STATES ,0.016
1256,UNITED STATES ,0.016
1260,UNITED STATES ,0.016
1262,UNITED STATES ,0.016
1267,UNITED STATES ,0.016
1269,UNITED STATES ,0.016
1270,UNITED STATES ,0.016
1276,UNITED STATES ,0.016
1278,UNITED STATES ,0.016
1281,UNITED STATES ,0.016
1283,UNITED STATES ,0.016
1300,UNITED STATES ,0.016
1301,UNITED STATES ,0.016
1302,UNITED STATES ,0.016
1303,UNITED STATES ,0.016
1304,UNITED STATES ,0.016
1305,UNITED STATES ,0.016
1307,UNITED STATES ,0.016
1308,UNITED STATES ,0.016
1309,UNITED STATES ,0.016
1310,UNITED STATES ,0.016
1311,UNITED STATES ,0.016
1312,UNITED STATES ,0.016
1313,UNITED STATES ,0.016
1314,UNITED STATES ,0.016
1315,UNITED STATES ,0.016
1316,UNITED STATES ,0.016
1317,UNITED STATES ,0.016
1318,UNITED STATES ,0.016
1319,UNITED STATES ,0.016
1320,UNITED STATES ,0.016
1321,UNITED STATES ,0.016
1323,UNITED STATES ,0.016
1324,UNITED STATES ,0.016
1325,UNITED STATES ,0.016
1330,UNITED STATES ,0.016
1331,UNITED STATES ,0.016
1332,UNITED STATES ,0.016
1334,UNITED STATES ,0.016
1336,UNITED STATES ,0.016
1337,UNITED STATES ,0.016
1339,UNITED STATES ,0.016
1341,UNITED STATES ,0.016
1342,UNITED STATES ,0.016
1347,UNITED STATES ,0.016
1351,UNITED STATES ,0.016
1352,UNITED STATES ,0.016
1353,UNITED STATES ,0.016
1356,UNITED STATES ,0.016
1357,UNITED STATES ,0.016
1358,UNITED STATES ,0.016
1360,UNITED STATES ,0.016
1361,UNITED STATES ,0.016
1364,UNITED STATES ,0.016
1369,UNITED STATES ,0.016
1380,UNITED STATES ,0.016
1385,UNITED STATES ,0.016
1386,UNITED STATES ,0.016
1389,UNITED STATES ,0.016
1400,UNITED STATES ,0.016
1401,UNITED STATES ,0.016
1402,UNITED STATES ,0.016
1404,UNITED STATES ,0.016
1405,UNITED STATES ,0.016
1406,UNITED STATES ,0.016
1407,UNITED STATES ,0.016
1408,UNITED STATES ,0.016
1409,UNITED STATES ,0.016
1410,UNITED STATES ,0.016
1411,UNITED STATES ,0.016
1412,UNITED STATES ,0.016
1413,UNITED STATES ,0.016
1414,UNITED STATES ,0.016
1415,UNITED STATES ,0.016
1417,UNITED STATES ,0.016
1419,UNITED STATES ,0.016
1420,UNITED STATES ,0.016
1423,UNITED STATES ,0.016
1424,UNITED STATES ,0.016
1425,UNITED STATES ,0.016
1430,UNITED STATES ,0.016
1432,UNITED STATES ,0.016
1434,UNITED STATES ,0.016
1435,UNITED STATES ,0.016
1440,UNITED STATES ,0.016
1442,UNITED STATES ,0.016
1443,UNITED STATES ,0.016
1445,UNITED STATES ,0.016
1456,UNITED STATES ,0.016
1464,UNITED STATES ,0.016
1469,UNITED STATES ,0.016
1470,UNITED STATES ,0.016
1475,UNITED STATES ,0.016
1478,UNITED STATES ,0.016
1479,UNITED STATES ,0.016
1480,UNITED STATES ,0.016
1484,UNITED STATES ,0.016
1500,UNITED STATES ,0.016
1501,UNITED STATES ,0.016
1502,UNITED STATES ,0.016
1503,UNITED STATES ,0.016
1504,UNITED STATES ,0.016
1505,UNITED STATES ,0.016
1507,UNITED STATES ,0.016
1508,UNITED STATES ,0.016
1509,UNITED STATES ,0.016
1510,UNITED STATES ,0.016
1511,UNITED STATES ,0.016
1512,UNITED STATES ,0.016
1513,UNITED STATES ,0.016
1515,UNITED STATES ,0.016
1516,UNITED STATES ,0.016
1517,UNITED STATES ,0.016
1518,UNITED STATES ,0.016
1520,UNITED STATES ,0.016
1530,UNITED STATES ,0.016
1540,UNITED STATES ,0.016
1541,UNITED STATES ,0.016
1551,UNITED STATES ,0.016
1555,UNITED STATES ,0.016
1557,UNITED STATES ,0.016
1559,UNITED STATES ,0.016
1560,UNITED STATES ,0.016
1561,UNITED STATES ,0.016
1562,UNITED STATES ,0.016
1563,UNITED STATES ,0.016
1564,UNITED STATES ,0.016
1567,UNITED STATES ,0.016
1570,UNITED STATES ,0.016
1571,UNITED STATES ,0.016
1573,UNITED STATES ,0.016
1574,UNITED STATES ,0.016
1575,UNITED STATES ,0.016
1580,UNITED STATES ,0.016
1585,UNITED STATES ,0.016
1586,UNITED STATES ,0.016
1601,UNITED STATES ,0.016
1602,UNITED STATES ,0.016
1603,UNITED STATES ,0.016
1605,UNITED STATES ,0.016
1606,UNITED STATES ,0.016
1607,UNITED STATES ,0.016
1608,UNITED STATES ,0.016
1609,UNITED STATES ,0.016
1610,UNITED STATES ,0.016
1611,UNITED STATES ,0.016
1612,UNITED STATES ,0.016
1614,UNITED STATES ,0.016
1615,UNITED STATES ,0.016
1616,UNITED STATES ,0.016
1617,UNITED STATES ,0.016
1618,UNITED STATES ,0.016
1619,UNITED STATES ,0.016
1620,UNITED STATES ,0.016
1623,UNITED STATES ,0.016
1626,UNITED STATES ,0.016
1627,UNITED STATES ,0.016
1628,UNITED STATES ,0.016
1630,UNITED STATES ,0.016
1631,UNITED STATES ,0.016
1636,UNITED STATES ,0.016
1641,UNITED STATES ,0.016
1646,UNITED STATES ,0.016
1650,UNITED STATES ,0.016
1651,UNITED STATES ,0.016
1657,UNITED STATES ,0.016
1660,UNITED STATES ,0.016
1661,UNITED STATES ,0.016
1662,UNITED STATES ,0.016
1667,UNITED STATES ,0.016
1669,UNITED STATES ,0.016
1678,UNITED STATES ,0.016
1679,UNITED STATES ,0.016
1682,UNITED STATES ,0.016
1689,UNITED STATES ,0.016
1700,UNITED STATES ,0.016
1701,UNITED STATES ,0.016
1702,UNITED STATES ,0.016
1703,UNITED STATES ,0.016
1704,UNITED STATES ,0.016
1706,UNITED STATES ,0.016
1707,UNITED STATES ,0.016
1708,UNITED STATES ,0.016
1710,UNITED STATES ,0.016
1712,UNITED STATES ,0.016
1713,UNITED STATES ,0.016
1714,UNITED STATES ,0.016
1715,UNITED STATES ,0.016
1716,UNITED STATES ,0.016
1717,UNITED STATES ,0.016
1718,UNITED STATES ,0.016
1719,UNITED STATES ,0.016
1720,UNITED STATES ,0.016
1724,UNITED STATES ,0.016
1727,UNITED STATES ,0.016
1731,UNITED STATES ,0.016
1732,UNITED STATES ,0.016
1734,UNITED STATES ,0.016
1737,UNITED STATES ,0.016
1740,UNITED STATES ,0.016
1747,UNITED STATES ,0.016
1750,UNITED STATES ,0.016
1752,UNITED STATES ,0.016
1754,UNITED STATES ,0.016
1757,UNITED STATES ,0.016
1760,UNITED STATES ,0.016
1763,UNITED STATES ,0.016
1764,UNITED STATES ,0.016
1765,UNITED STATES ,0.016
1770,UNITED STATES ,0.016
1772,UNITED STATES ,0.016
1773,UNITED STATES ,0.016
1774,UNITED STATES ,0.016
1775,UNITED STATES ,0.016
1777,UNITED STATES ,0.016
1781,UNITED STATES ,0.016
1785,UNITED STATES ,0.016
1786,UNITED STATES ,0.016
1800,UNITED STATES ,0.016
1801,UNITED STATES ,0.016
1802,UNITED STATES ,0.016
1803,UNITED STATES ,0.016
1804,UNITED STATES ,0.016
1805,UNITED STATES ,0.016
1806,UNITED STATES ,0.016
1808,UNITED STATES Hawaii,0.026
1810,UNITED STATES ,0.016
1812,UNITED STATES ,0.016
1813,UNITED STATES ,0.016
1814,UNITED STATES ,0.016
1815,UNITED STATES ,0.016
1816,UNITED STATES ,0.016
1817,UNITED STATES ,0.016
1818,UNITED STATES ,0.016
1828,UNITED STATES ,0.016
1830,UNITED STATES ,0.016
1831,UNITED STATES ,0.016
1832,UNITED STATES ,0.016
1835,UNITED STATES ,0.016
1843,UNITED STATES ,0.016
1845,UNITED STATES ,0.016
1847,UNITED STATES ,0.016
1848,UNITED STATES ,0.016
1850,UNITED STATES ,0.016
1856,UNITED STATES ,0.016
1857,UNITED STATES ,0.016
1858,UNITED STATES ,0.016
1859,UNITED STATES ,0.016
1860,UNITED STATES ,0.016
1862,UNITED STATES ,0.016
1863,UNITED STATES ,0.016
1864,UNITED STATES ,0.016
1865,UNITED STATES ,0.016
1866,UNITED STATES ,0.016
1870,UNITED STATES ,0.016
1872,UNITED STATES ,0.016
1877,UNITED STATES ,0.016
1878,UNITED STATES ,0.016
1880,UNITED STATES ,0.016
1881,UNITED STATES ,0.016
1882,UNITED STATES ,0.016
1885,UNITED STATES ,0.016
1886,UNITED STATES ,0.016
1887,UNITED STATES ,0.016
1888,UNITED STATES ,0.016
1901,UNITED STATES ,0.016
1903,UNITED STATES ,0.016
1904,UNITED STATES ,0.016
1906,UNITED STATES ,0.016
1907,UNITED STATES Alaska,0.033
1908,UNITED STATES ,0.016
1909,UNITED STATES ,0.016
1910,UNITED STATES ,0.016
1912,UNITED STATES ,0.016
1913,UNITED STATES ,0.016
1914,UNITED STATES ,0.016
1915,UNITED STATES ,0.016
1916,UNITED STATES ,0.016
1917,UNITED STATES ,0.016
1918,UNITED STATES ,0.016
1919,UNITED STATES ,0.016
1920,UNITED STATES ,0.016
1925,UNITED STATES ,0.016
1928,UNITED STATES ,0.016
1931,UNITED STATES ,0.016
1935,UNITED STATES ,0.016
1936,UNITED STATES ,0.016
1937,UNITED STATES ,0.016
1940,UNITED STATES ,0.016
1941,UNITED STATES ,0.016
1949,UNITED STATES ,0.016
1951,UNITED STATES ,0.016
1952,UNITED STATES ,0.016
1954,UNITED STATES ,0.016
1956,UNITED STATES ,0.016
1959,UNITED STATES ,0.016
1970,UNITED STATES ,0.016
1971,UNITED STATES ,0.016
1972,UNITED STATES ,0.016
1973,UNITED STATES ,0.016
1975,UNITED STATES ,0.016
1978,UNITED STATES ,0.016
1979,UNITED STATES ,0.016
1980,UNITED STATES ,0.016
1984,UNITED STATES ,0.016
1985,UNITED STATES ,0.016
1989,UNITED STATES ,0.016
598,URUGUAY Proper,0.097
5982,URUGUAY ,0.067
5989,URUGUAY Mobile,0.188
998,UZBEKISTAN Proper,0.087
678,VANUATU Proper,0.533
6784,VANUATU ,0.433
58,VENEZUELA Proper,0.035
58212,VENEZUELA Caracas,0.022
58241,VENEZUELA Valencia,0.035
58261,VENEZUELA Maricaibo,0.035
58412,VENEZUELA Mobile,0.143
58414,VENEZUELA Mobile,0.143
58415,VENEZUELA Mobile,0.143
58416,VENEZUELA Mobile,0.143
58417,VENEZUELA Mobile,0.143
58418,VENEZUELA Mobile,0.143
84,VIET NAM Proper,0.128
844,VIET NAM Hanoi,0.15
848,VIET NAM Ho Chi Minh City,0.106
849,VIET NAM Mobile,0.17
1284,VIRGIN ISLANDS (BRITISH) Proper,0.121
1340,VIRGIN ISLANDS (U.S.) Proper,0.036
681,WALLIS AND FUTUNA ISLANDS Proper,0.693
967,YEMEN Proper,0.143
96771,YEMEN ,0.136
96773,YEMEN ,0.136
967790,YEMEN ,0.136
967791,YEMEN ,0.136
967792,YEMEN ,0.136
967794,YEMEN ,0.136
967795,YEMEN ,0.136
967796,YEMEN ,0.136
967797,YEMEN ,0.136
260,ZAMBIA Proper,0.051
263,ZIMBABWE Proper,0.059
2634,ZIMBABWE Harare,0.059
26311,ZIMBABWE Mobile,0.105
26323,ZIMBABWE Mobile,0.098
26391,ZIMBABWE Mobile,0.173
